Year,Player,Age,MVP,TotalEval,ModernEval,MedievalEval,AncientEval
2008-09,LeBron James,24,1,1.1028383,1.1809129,0.9742342,1.1533678
1995-96,Michael Jordan,32,1,1.090208933,1.2435366,1.0446209,0.9824693
2012-13,LeBron James,28,1,1.01346388,0.9910575,0.90436554,1.1449686
1999-00,Shaquille O'Neal,27,1,0.996540383,1.0589706,1.0360048,0.89464575
1990-91,Michael Jordan,27,1,0.995179067,1.2746165,0.7891734,0.9217473
2009-10,LeBron James,25,1,0.9659875,0.9918119,0.8464353,1.0597153
2003-04,Kevin Garnett,27,1,0.949305147,0.76480544,1.0085218,1.0745882
1996-97,Michael Jordan,33,0,0.903993347,0.9051918,0.941434,0.86535424
2016-17,Russell Westbrook,28,1,0.890651753,1.1174885,0.63208896,0.9223778
1991-92,Michael Jordan,28,1,0.859269947,0.9282005,0.7191657,0.93044364
2017-18,James Harden,28,1,0.83119617,0.85298306,1.0412426,0.59936285
2018-19,James Harden,29,0,0.82956105,0.6980516,1.2262962,0.56433535
1992-93,Michael Jordan,29,0,0.8049341,1.0577,0.7009194,0.6561829
2021-22,Nikola Jokić,26,1,0.800894357,0.9245636,0.831574,0.64654547
2019-20,Giannis Antetokounmpo,25,1,0.766961967,0.9177114,0.5982224,0.7849521
1993-94,David Robinson,28,0,0.763895687,0.98674786,0.5940215,0.7109177
2011-12,LeBron James,27,1,0.763784093,0.77253234,0.79470634,0.7241136
2016-17,James Harden,27,0,0.753776543,0.9066586,0.79178023,0.5628908
2020-21,Nikola Jokic,25,1,0.752342687,0.9266502,0.98174316,0.3486347
2013-14,Kevin Durant,25,1,0.7433849,0.7494056,0.8330412,0.6477079
1996-97,Karl Malone,33,1,0.72866632,0.86666536,0.5940156,0.725318
1997-98,Michael Jordan,34,1,0.705406513,0.6747623,0.5997087,0.84174854
2018-19,Giannis Antetokounmpo,24,1,0.7041321,0.8229904,0.5395169,0.749889
2014-15,James Harden,25,0,0.678290097,0.84383374,0.85358095,0.3374556
2006-07,Dirk Nowitzki,28,1,0.675866723,0.5896438,0.8379297,0.60002667
2012-13,Kevin Durant,24,0,0.67294226,0.58204263,0.73952425,0.6972599
1994-95,David Robinson,29,1,0.671259023,0.78628767,0.5293489,0.6981405
1993-94,Hakeem Olajuwon,31,1,0.668449367,0.70305836,0.6515186,0.65077114
2010-11,Derrick Rose,22,1,0.64429088,0.43337488,0.96564686,0.5338509
2002-03,Tim Duncan,26,1,0.638672767,0.4928531,0.80172527,0.62143993
2017-18,LeBron James,33,0,0.637027087,0.7539724,0.5263594,0.63074946
2001-02,Tim Duncan,25,1,0.635105357,0.54108053,0.7550688,0.60916674
2013-14,LeBron James,29,0,0.630737053,0.6379601,0.68199146,0.5722596
2015-16,Stephen Curry,27,1,0.623103407,0.7239423,0.78568304,0.35968488
2008-09,Dwyane Wade,27,0,0.603342253,0.68857336,0.4891136,0.6323398
2005-06,LeBron James,21,0,0.60293668,0.7006098,0.48974404,0.6184562
2010-11,LeBron James,26,0,0.588288657,0.61254823,0.43110594,0.7212118
1992-93,Hakeem Olajuwon,30,0,0.587348307,0.5610844,0.64196837,0.55899215
2002-03,Kevin Garnett,26,0,0.573589383,0.3759094,0.72962475,0.615234
2015-16,LeBron James,31,0,0.573494763,0.58567107,0.45271412,0.6820991
2000-01,Shaquille O'Neal,28,0,0.559791557,0.7747565,0.4446946,0.45992357
1992-93,Charles Barkley,29,1,0.557079333,0.5228309,0.54684424,0.60156286
2007-08,LeBron James,23,0,0.55081122,0.63265896,0.3087093,0.7110654
1997-98,Karl Malone,34,0,0.543264403,0.8595572,0.32432243,0.44591358
1990-91,Magic Johnson,31,0,0.539694767,0.6122501,0.627327,0.3795072
2000-01,Allen Iverson,25,1,0.536594307,0.5090092,0.8499392,0.25083452
2015-16,Russell Westbrook,27,0,0.531623787,0.5747358,0.5075861,0.51254946
1994-95,Shaquille O'Neal,22,0,0.528294123,0.82733744,0.34640288,0.41114205
2019-20,LeBron James,35,0,0.50812357,0.68547904,0.3989747,0.43991697
2005-06,Kobe Bryant,27,0,0.502813863,0.7405956,0.36901486,0.39883113
1990-91,David Robinson,25,0,0.501379287,0.6546651,0.46762076,0.381852
2003-04,Tim Duncan,27,0,0.49642424,0.43171644,0.5904787,0.46707758
1995-96,David Robinson,30,0,0.493846343,0.6430652,0.44125015,0.39722368
2016-17,LeBron James,32,0,0.491034877,0.505718,0.47860166,0.48878497
2005-06,Dirk Nowitzki,27,0,0.487693133,0.5692818,0.5095896,0.384208
2014-15,Stephen Curry,26,1,0.482772177,0.70207536,0.5485839,0.19765727
2019-20,James Harden,30,0,0.47037533,0.29698458,0.82381344,0.29032797
2001-02,Shaquille O'Neal,29,0,0.467881303,0.60987616,0.53523105,0.2585367
1998-99,Karl Malone,35,1,0.466968697,0.31174725,0.39346737,0.69569147
2021-22,Giannis Antetokounmpo,27,0,0.46141703,0.66168845,0.36802918,0.35453346
2002-03,Kobe Bryant,24,0,0.455575537,0.6515483,0.33746317,0.37771514
1993-94,Shaquille O'Neal,21,0,0.448760883,0.92114544,0.22318058,0.20195663
2007-08,Kobe Bryant,29,1,0.44772897,0.3984435,0.7621522,0.18259121
2008-09,Chris Paul,23,0,0.443353427,0.7418188,0.13773498,0.4505065
2016-17,Kawhi Leonard,25,0,0.426565777,0.38913745,0.5576095,0.33295038
2007-08,Chris Paul,22,0,0.425944327,0.75842845,0.41455042,0.10485411
2004-05,Shaquille O'Neal,32,0,0.410716751,0.4115256,0.7602946,0.060330052
2008-09,Kobe Bryant,30,0,0.400403467,0.3276495,0.4895561,0.3840048
1994-95,Karl Malone,31,0,0.397180113,0.61135674,0.2804564,0.2997272
2021-22,Joel Embiid,27,0,0.390645163,0.7234709,0.27463818,0.17382641
1991-92,Clyde Drexler,29,0,0.384515353,0.4437749,0.23111752,0.47865364
2009-10,Dwyane Wade,28,0,0.375733098,0.56326455,0.066530794,0.49740395
2002-03,Tracy McGrady,23,0,0.37430066,0.5100224,0.29260865,0.32027093
2018-19,Nikola Jokić,23,0,0.37243549,0.48000413,0.636425,0.00087734
2006-07,LeBron James,22,0,0.360134768,0.45604062,0.107128285,0.5172354
2010-11,Dwight Howard,25,0,0.35615201,0.58322895,0.46534267,0.019884411
2000-01,Tim Duncan,24,0,0.351144957,0.31093115,0.57657796,0.16592576
2009-10,Kevin Durant,21,0,0.349801367,0.4466151,0.44507495,0.15771405
1999-00,Karl Malone,36,0,0.345252853,0.55877686,0.28887758,0.18810412
2000-01,Chris Webber,27,0,0.34280382,0.36140028,0.41755494,0.24945624
2015-16,Kevin Durant,27,0,0.333581977,0.17296879,0.6112616,0.21651554
2007-08,Kevin Garnett,31,0,0.321980905,0.37245518,0.49987254,0.093614995
1994-95,John Stockton,32,0,0.321335576,0.50023514,0.46818644,-0.004414852
1995-96,Karl Malone,32,0,0.31764317,0.6252396,0.2601535,0.06753641
2014-15,LeBron James,30,0,0.31248527,0.47160292,0.21296674,0.25288615
2005-06,Dwyane Wade,24,0,0.305652784,0.44438705,0.037009142,0.43556216
2004-05,Amar'e Stoudemire,22,0,0.303553651,0.71143264,0.013197614,0.1860307
2012-13,Kobe Bryant,34,0,0.298991977,0.13013433,0.57192504,0.19491656
1990-91,Charles Barkley,27,0,0.295182415,0.5070569,0.27193215,0.106558196
2011-12,Kevin Durant,23,0,0.294979703,0.10144819,0.6286104,0.15488052
2006-07,Steve Nash,32,0,0.291564022,0.035498977,0.7399186,0.09927449
1997-98,Tim Duncan,21,0,0.290498053,0.28270134,0.5459178,0.042875018
1991-92,David Robinson,26,0,0.28778347,0.41167423,0.2991124,0.15256378
2020-21,Giannis Antetokounmpo,26,0,0.285468617,0.41071096,0.30824196,0.13745293
2010-11,Kobe Bryant,32,0,0.282195833,0.25733766,0.3470403,0.24220954
2004-05,Dirk Nowitzki,26,0,0.28097606,0.50173163,0.2486156,0.09258095
1991-92,Karl Malone,28,0,0.277451603,0.66498476,0.05248241,0.11488764
2012-13,Russell Westbrook,24,0,0.27742457,0.19366644,0.43963197,0.1989753
1990-91,Karl Malone,27,0,0.273032433,0.70337164,0.02231414,0.09341152
2010-11,Dwyane Wade,29,0,0.270574065,0.3752063,0.039635144,0.39688075
2021-22,Luka Dončić,22,0,0.26963891,0.24297641,0.30681774,0.25912258
2020-21,Joel Embiid,26,0,0.269574644,0.45624995,0.012349701,0.34012428
1993-94,Scottie Pippen,28,0,0.269560682,0.5052709,0.087751165,0.21565998
1992-93,Karl Malone,29,0,0.266844017,0.57821035,0.20539948,0.01692222
1995-96,Anfernee Hardaway,24,0,0.262069777,0.47150722,0.13960274,0.17509937
2014-15,Chris Paul,29,0,0.259394145,0.35083523,0.3679403,0.059406906
2004-05,LeBron James,20,0,0.25818679,0.40911958,0.07609442,0.28934637
2016-17,Kevin Durant,28,0,0.255914585,0.033562515,0.58672667,0.14745457
1993-94,Patrick Ewing,31,0,0.253162143,0.3958054,0.22382852,0.13985251
1998-99,Tim Duncan,22,0,0.250626267,0.0505087,0.0610992,0.6402709
2004-05,Steve Nash,30,1,0.250453359,0.019458938,0.741938,-0.010036862
2006-07,Tim Duncan,30,0,0.24813595,0.38616464,0.2577503,0.10049291
1996-97,John Stockton,34,0,0.243796664,0.20385344,0.54159105,-0.014054499
2001-02,Jason Kidd,28,0,0.242432897,0.012794843,0.7255298,-0.011025953
2012-13,Chris Paul,27,0,0.241800912,0.3960876,0.33065102,-0.001335885
1997-98,Shaquille O'Neal,25,0,0.240834963,0.39419624,0.18933403,0.13897462
2005-06,Chauncey Billups,29,0,0.239571878,0.22121024,0.46786967,0.029635724
2005-06,Steve Nash,31,1,0.235263868,-0.00957644,0.63396394,0.081404105
2015-16,Chris Paul,30,0,0.227807863,0.25122568,0.34603372,0.08616419
2002-03,Shaquille O'Neal,30,0,0.225246448,0.4582882,0.096314125,0.12113702
1997-98,David Robinson,32,0,0.221720913,0.4138037,0.22689277,0.024466269
2014-15,Russell Westbrook,26,0,0.221183739,0.4755765,0.013871728,0.17410299
2009-10,Dwight Howard,24,0,0.219859218,0.30884317,0.3242224,0.026512083
2009-10,Kobe Bryant,31,0,0.215598408,0.10161477,0.42606762,0.119112834
2017-18,Russell Westbrook,29,0,0.214472503,0.29452294,0.024875069,0.3240195
2001-02,Kobe Bryant,23,0,0.211377409,0.3284766,0.087042086,0.21861354
2002-03,Dirk Nowitzki,24,0,0.210588357,0.5069016,0.03821992,0.08664355
1991-92,Scottie Pippen,26,0,0.210051487,0.0618932,0.5480908,0.020170461
1996-97,Grant Hill,24,0,0.209810426,0.3311498,0.036080137,0.26220134
2013-14,James Harden,24,0,0.20587419,0.10030794,0.48696056,0.030354071
1998-99,Alonzo Mourning,28,0,0.202329478,0.026359586,0.000994599,0.57963425
2019-20,Kawhi Leonard,28,0,0.201970308,0.17222323,0.40893638,0.024751315
2017-18,Stephen Curry,29,0,0.20129215,0.11809334,0.45203227,0.03375084
2020-21,Stephen Curry,32,0,0.198060617,0.5151687,0.0365047,0.04250845
1996-97,Tim Hardaway,30,0,0.19795422,0.15286104,0.17059204,0.27040958
2006-07,Kobe Bryant,28,0,0.196602405,0.21662688,0.28921092,0.083969414
2004-05,Tim Duncan,28,0,0.196061309,0.116229266,0.27050054,0.20145412
2000-01,Kobe Bryant,22,0,0.195564354,0.49957338,0.012974722,0.07414496
2003-04,Jermaine O'Neal,25,0,0.195399371,0.025725726,0.47638485,0.084087536
2018-19,Stephen Curry,30,0,0.193688217,0.3398308,0.11324901,0.12798484
2006-07,Dwyane Wade,25,0,0.193171095,0.46004537,-0.009014634,0.12848255
2013-14,Chris Paul,28,0,0.191309115,0.18817084,0.37309226,0.012664245
1994-95,Charles Barkley,31,0,0.176847504,0.3133299,0.21412486,0.003087752
2017-18,Damian Lillard,27,0,0.176807575,0.14147823,0.34843487,0.040509626
2004-05,Tracy McGrady,25,0,0.176334283,0.21299274,0.10534791,0.2106622
1999-00,Kevin Garnett,23,0,0.173132945,0.22615628,0.042057656,0.2511849
2016-17,Isaiah Thomas,27,0,0.172833153,0.17946567,0.246135,0.09289879
2005-06,Elton Brand,26,0,0.169792771,0.4044819,0.017817182,0.08707923
1992-93,Patrick Ewing,30,0,0.169589447,0.24360953,0.08638316,0.17877565
2019-20,Nikola Jokić,24,0,0.169516203,0.20217577,0.31910124,-0.0127284
2015-16,Kawhi Leonard,24,0,0.16891359,0.31453687,0.06725391,0.12494999
2008-09,Dwight Howard,23,0,0.167596118,0.28532013,0.2014865,0.015981723
2000-01,Vince Carter,24,0,0.166763505,0.44627473,0.004584616,0.04943117
2019-20,Anthony Davis,26,0,0.163906765,0.23935881,0.082836516,0.16952497
1999-00,Tim Duncan,23,0,0.161345971,0.11881925,0.24958163,0.115637034
2007-08,Manu Ginóbili,30,0,0.159685738,0.4244742,0.00517571,0.049407303
1999-00,Alonzo Mourning,29,0,0.158021832,0.1914246,0.009777097,0.2728638
1999-00,Gary Payton,31,0,0.15079933,0.18862472,0.1204501,0.14332317
1990-91,Clyde Drexler,28,0,0.150703252,0.24521528,0.18670511,0.020189367
2013-14,Blake Griffin,24,0,0.150568547,0.40737197,0.024392774,0.019940896
2017-18,Anthony Davis,24,0,0.150530059,0.25104228,0.017518098,0.1830298
2019-20,Luka Dončić,20,0,0.14774513,0.24375759,0.0564728,0.143005
2006-07,Tracy McGrady,27,0,0.146240851,0.26185077,0.051885538,0.124986246
2016-17,Stephen Curry,28,0,0.146136133,0.08680759,0.14955872,0.20204209
2005-06,Shawn Marion,27,0,0.144194751,0.38883266,0.002110908,0.041640684
1991-92,John Stockton,29,0,0.142508809,0.14826715,0.29482168,-0.015562403
2003-04,Peja Stojaković,26,0,0.141309241,0.115022674,0.2073134,0.10159165
2011-12,Chris Paul,26,0,0.140266695,0.24971755,0.12843293,0.042649604
1996-97,Scottie Pippen,31,0,0.138096285,0.3198908,0.006748976,0.08764908
2013-14,Joakim Noah,28,0,0.137072282,0.18258886,0.24077225,-0.012144263
2017-18,Kevin Durant,29,0,0.134492244,0.12616059,0.25638142,0.020934723
2004-05,Kevin Garnett,28,0,0.131312414,0.23756728,0.013072303,0.14329766
2000-01,Karl Malone,37,0,0.131094456,0.35306957,0.01078408,0.029429719
2013-14,Stephen Curry,25,0,0.129980647,0.08736466,0.12386552,0.17871176
1995-96,Scottie Pippen,30,0,0.129162077,0.2390558,0.066804074,0.081626356
2001-02,Chris Webber,28,0,0.128294421,0.103892356,0.021994447,0.25899646
1991-92,Patrick Ewing,29,0,0.127195021,0.24454653,0.015176503,0.12186203
2001-02,Tracy McGrady,22,0,0.125870798,0.029832734,0.22918239,0.11859727
2015-16,James Harden,26,0,0.124643548,0.15057316,0.2014693,0.021888185
1997-98,Jason Kidd,24,0,0.12447131,0.007572923,0.39357123,-0.027730223
1994-95,Scottie Pippen,29,0,0.120956227,0.32096848,0.02908765,0.012812552
1993-94,Karl Malone,30,0,0.119675343,0.28637516,0.057467632,0.015183236
2014-15,Anthony Davis,21,0,0.116340967,0.23499458,0.050593734,0.063434586
2003-04,Kobe Bryant,25,0,0.113349833,0.19852355,0.110716246,0.030809704
2001-02,Paul Pierce,24,0,0.113024972,0.23079927,0.010909775,0.09736587
2001-02,Dirk Nowitzki,23,0,0.112327059,0.27945602,0.011024037,0.04650112
1999-00,Vince Carter,23,0,0.11208606,0.28960925,0.001154332,0.0454946
2021-22,Chris Paul,36,0,0.108282949,0.014453333,0.33455405,-0.024158537
1990-91,John Stockton,28,0,0.107379415,0.18241312,0.1546601,-0.014934975
1995-96,Shawn Kemp,26,0,0.107086361,0.15844253,0.16254069,0.000275862
1996-97,Gary Payton,28,0,0.10453574,0.13165931,0.04866101,0.1332869
2009-10,Dirk Nowitzki,31,0,0.103933335,0.13796869,0.043662384,0.13016893
2020-21,Luka Dončić,21,0,0.099470833,0.11929166,0.10452142,0.07459942
2012-13,Dwyane Wade,31,0,0.097615302,0.23516332,0.004143789,0.053538796
2011-12,Kobe Bryant,33,0,0.096844656,0.06326564,0.21495162,0.012316708
2012-13,James Harden,23,0,0.096008371,0.1070607,0.16768543,0.013278984
2002-03,Jason Kidd,29,0,0.092553994,0.16510306,0.025255276,0.087303646
2000-01,Tracy McGrady,21,0,0.091432798,0.09210791,0.047645874,0.13454461
2018-19,Kawhi Leonard,27,0,0.090339232,0.06702055,0.1776729,0.026324246
2001-02,Allen Iverson,26,0,0.090025581,0.15989079,0.012604857,0.097581096
2018-19,Damian Lillard,28,0,0.086464093,0.12265983,0.105452724,0.031279724
2015-16,Draymond Green,25,0,0.085885634,0.012068358,0.23025529,0.015333255
2018-19,Paul George,28,0,0.084521826,0.12239537,0.017459447,0.11371066
2018-19,Russell Westbrook,30,0,0.081635055,0.031506266,0.19988465,0.013514248
2021-22,Stephen Curry,33,0,0.081191737,0.12566593,0.03195618,0.0859531
1994-95,Hakeem Olajuwon,32,0,0.080686989,0.10008292,0.051103808,0.09087424
2001-02,Gary Payton,33,0,0.080445088,0.0914235,0.09130271,0.058609053
2018-19,Joel Embiid,24,0,0.079630913,0.050986495,0.013263354,0.17464289
1993-94,Shawn Kemp,24,0,0.079580043,0.16511819,0.070362836,0.003259104
1997-98,Gary Payton,29,0,0.079520081,0.025178157,0.060249545,0.15313254
2006-07,Carlos Boozer,25,0,0.079444261,0.21801712,0.010916865,0.009398797
1995-96,John Stockton,33,0,0.0787932,0.03256972,0.21574287,-0.011932991
2011-12,Derrick Rose,23,0,0.077761238,0.13654502,0.02610985,0.070628844
1998-99,Allen Iverson,23,0,0.075406026,0.05629772,0.001473399,0.16844696
1999-00,Kobe Bryant,21,0,0.074723736,0.10242733,0.10153716,0.020206718
2012-13,Carmelo Anthony,28,0,0.07414152,0.15356456,0.025897449,0.04296255
2003-04,Shaquille O'Neal,31,0,0.073506022,0.07978648,0.1383658,0.002365787
2017-18,Giannis Antetokounmpo,23,0,0.071627988,0.1680747,0.014223604,0.03258566
2006-07,Amar'e Stoudemire,24,0,0.070969507,0.2062547,0.010990569,-0.004336747
2015-16,Kyle Lowry,29,0,0.070604066,0.037321307,0.12761912,0.04687177
2004-05,Shawn Marion,26,0,0.069814964,0.18775508,0.002199223,0.019490588
2021-22,Ja Morant,22,0,0.069350255,0.12695575,0.017709961,0.063385054
2019-20,Damian Lillard,29,0,0.069121946,0.11252445,0.088311724,0.006529664
2018-19,Kevin Durant,30,0,0.068598049,0.07309042,0.041242518,0.09146121
1993-94,John Stockton,31,0,0.068230652,0.07844174,0.13998742,-0.013737205
2010-11,Dirk Nowitzki,32,0,0.068108615,0.030667156,0.09005531,0.08360338
2010-11,Kevin Durant,22,0,0.067835686,0.084377095,0.07640304,0.042726923
2000-01,Ray Allen,25,0,0.063005773,0.09472737,0.005240073,0.089049876
2020-21,Damian Lillard,30,0,0.062279571,0.105725035,0.07548432,0.005629358
2008-09,Brandon Roy,24,0,0.061733949,0.10393192,0.0390542,0.042215727
1998-99,Shaquille O'Neal,26,0,0.060749586,0.13818474,0.010220913,0.033843104
2013-14,Paul George,23,0,0.060184524,0.13010906,0.020293502,0.03015101
1996-97,Glen Rice,29,0,0.057079359,0.06110142,0.024320627,0.08581603
2009-10,Carmelo Anthony,25,0,0.056670792,0.13105169,0.030102989,0.008857698
2001-02,Kevin Garnett,25,0,0.056265196,0.021878622,0.026663149,0.120253816
2009-10,Amar'e Stoudemire,27,0,0.05441348,0.13945147,0.008808101,0.014980868
1991-92,Brad Daugherty,26,0,0.053200356,0.12070115,0.04438033,-0.005480412
2011-12,Dwyane Wade,30,0,0.053134188,0.13264273,0.003051182,0.023708653
1990-91,Kevin Johnson,24,0,0.052875074,0.15950821,0.002047425,-0.002930413
2000-01,Kevin Garnett,24,0,0.052620854,0.013865516,0.117645666,0.02635138
1993-94,Mookie Blaylock,26,0,0.05221453,-0.003189281,0.17487097,-0.015038098
2006-07,Chris Bosh,22,0,0.051040433,0.016861932,0.002767967,0.1334914
1999-00,Grant Hill,27,0,0.049573859,0.09127216,0.002832344,0.054617073
2017-18,Joel Embiid,23,0,0.049253726,0.03061278,0.002867388,0.11428101
2014-15,Klay Thompson,24,0,0.047770471,0.081704155,0.031389058,0.030218199
2020-21,Rudy Gobert,28,0,0.047308572,0.03266424,0.1080109,0.001250577
2013-14,Kevin Love,25,0,0.047234191,0.048652954,0.06795787,0.025091749
2005-06,Allen Iverson,30,0,0.046906676,0.06200336,0.000167893,0.078548774
2004-05,Ray Allen,29,0,0.046500909,0.1077659,0.027957687,0.00377914
2021-22,Devin Booker,25,0,0.046266858,0.09294598,0.023094887,0.022759706
2021-22,LeBron James,37,0,0.0462618,0.11018728,0.021746384,0.006851737
1995-96,Hakeem Olajuwon,33,0,0.045948294,0.036700197,0.013142725,0.08800196
2011-12,Tony Parker,29,0,0.045486577,0.037188873,0.09477507,0.004495789
1990-91,Hakeem Olajuwon,28,0,0.042967944,0.015637703,0.11016695,0.003099178
2020-21,LeBron James,36,0,0.042679595,0.046930395,0.04355564,0.03755275
2016-17,Giannis Antetokounmpo,22,0,0.041966539,0.08984798,0.013569294,0.022482343
2004-05,Allen Iverson,29,0,0.0417641,0.06544614,0.042141035,0.017705124
2008-09,Dirk Nowitzki,30,0,0.040339368,0.01650551,0.008977255,0.09553534
2003-04,Dirk Nowitzki,25,0,0.039487851,0.0780304,0.004881917,0.035551235
1996-97,Hakeem Olajuwon,34,0,0.039481779,0.090852514,0.020553457,0.007039365
1995-96,Terrell Brandon,25,0,0.039224898,0.04014214,0.060609438,0.016923115
1990-91,Terry Porter,27,0,0.039123417,0.12477347,-0.003192814,-0.004210404
2012-13,Stephen Curry,24,0,0.039014949,0.107225165,-6.81E-05,0.009887819
1992-93,Brad Daugherty,27,0,0.038404805,0.11666685,0.003496705,-0.00494914
1994-95,Patrick Ewing,32,0,0.03788194,0.04048936,0.00841883,0.06473763
2002-03,Allen Iverson,27,0,0.037561174,0.03880471,0.058749933,0.015128878
1994-95,Anfernee Hardaway,23,0,0.037371671,0.002702538,0.1034996,0.005912875
2007-08,Tim Duncan,31,0,0.037261115,0.015630174,0.07388146,0.022271711
2020-21,Kawhi Leonard,29,0,0.03551439,0.014905418,0.0853261,0.006311652
1996-97,Shaquille O'Neal,24,0,0.035032226,0.060347445,0.025857827,0.018891405
1995-96,Gary Payton,27,0,0.034487584,-0.008712215,0.08874612,0.023428846
2005-06,Tim Duncan,29,0,0.033802455,0.01554019,0.058619417,0.027247757
2012-13,Tony Parker,30,0,0.03286114,0.053872082,0.034387663,0.010323674
1998-99,Darrell Armstrong,30,0,0.032808072,0.041289438,0.07638007,-0.019245293
2021-22,Jayson Tatum,23,0,0.032239455,0.032624222,0.024848996,0.039245147
1995-96,Shaquille O'Neal,23,0,0.032121209,0.060115,0.005064698,0.031183928
2020-21,Julius Randle,26,0,0.031780646,0.028721862,0.06873183,-0.002111755
2021-22,Kevin Durant,33,0,0.0314212,0.048382126,0.030042479,0.015838994
2015-16,Damian Lillard,25,0,0.030611449,0.08551946,0.018958213,-0.012643325
2013-14,LaMarcus Aldridge,28,0,0.030523441,0.020086052,0.009985736,0.061498534
2003-04,Sam Cassell,34,0,0.030452512,0.028937694,0.002034506,0.060385335
2020-21,Chris Paul,35,0,0.030258163,0.09674743,0.005491087,-0.011464029
1998-99,David Robinson,33,0,0.029771873,0.09690842,0.003503321,-0.011096123
1997-98,Vin Baker,26,0,0.029681976,0.08552994,0.009987498,-0.00647151
2004-05,Vince Carter,28,0,0.028102632,0.06597498,0.001774738,0.016558178
1997-98,Reggie Miller,32,0,0.0280734,0.022308301,0.0552568,0.006655098
2007-08,Dirk Nowitzki,29,0,0.027772961,0.021670658,0.004052559,0.057595666
2009-10,Steve Nash,35,0,0.02696067,0.05588342,0.03150984,-0.006511251
2014-15,LaMarcus Aldridge,29,0,0.025939949,0.026020858,0.008919099,0.04287989
2007-08,Dwight Howard,22,0,0.025364068,0.059844866,0.000278005,0.015969332
1999-00,Chris Webber,26,0,0.025345435,0.03452876,0.012873365,0.02863418
1992-93,Dominique Wilkins,33,0,0.025192122,0.043259475,0.011059077,0.021257814
2013-14,Dirk Nowitzki,35,0,0.024134064,0.024730701,0.026773239,0.020898253
2018-19,Rudy Gobert,26,0,0.023797143,0.033092707,0.024217485,0.014081237
1991-92,Chris Mullin,28,0,0.023665175,0.019837728,0.004750432,0.046407364
2016-17,DeMar DeRozan,27,0,0.023462923,0.012052357,0.012363935,0.045972478
2010-11,Blake Griffin,21,0,0.023458893,0.051005363,0.001859644,0.017511673
2008-09,Yao Ming,28,0,0.022835937,0.06383261,7.89E-05,0.004596298
2014-15,Kawhi Leonard,23,0,0.021772299,0.07118818,-0.002773712,-0.003097571
2012-13,Marc Gasol,28,0,0.02128112,0.015306631,0.05897142,-0.01043469
1995-96,Grant Hill,23,0,0.020792451,0.04326894,0.013036473,0.006071941
2018-19,LeBron James,34,0,0.020694709,0.005527536,0.028452964,0.028103627
2000-01,Jerry Stackhouse,26,0,0.020349284,0.039643243,0.004463265,0.016941343
2007-08,Paul Pierce,30,0,0.020179461,0.026472017,0.000123227,0.03394314
2020-21,James Harden,31,0,0.019596374,0.011947112,0.044556886,0.002285124
2013-14,Carmelo Anthony,29,0,0.01931574,0.020416299,0.004157635,0.033373285
2017-18,DeMar DeRozan,28,0,0.019203377,0.03768982,0.009468073,0.010452238
1992-93,Shawn Kemp,23,0,0.018769397,0.014497831,0.047258638,-0.005448277
2019-20,Jimmy Butler,30,0,0.018535353,0.05803166,0.00489655,-0.00732215
2003-04,Yao Ming,23,0,0.018440389,0.024387302,0.006927518,0.024006348
2008-09,Tony Parker,26,0,0.018412848,0.038410276,0.004287267,0.012541001
2002-03,Paul Pierce,25,0,0.0183778,0.02188339,0.017305115,0.015944894
1997-98,Scottie Pippen,32,0,0.01821281,0.022839468,0.03999967,-0.008200708
2007-08,Amar'e Stoudemire,25,0,0.017936451,0.05805243,-0.011793604,0.007550527
1997-98,Antoine Walker,21,0,0.017262126,0.035809167,0.009235675,0.006741536
1997-98,Tim Hardaway,31,0,0.016939685,-0.004061747,0.02275631,0.032124493
2017-18,Victor Oladipo,25,0,0.016694102,0.033703506,0.004065124,0.012313676
2017-18,LaMarcus Aldridge,32,0,0.016648052,0.013866607,0.006430263,0.029647285
2011-12,Kevin Love,23,0,0.016570688,0.00899615,0.016048754,0.024667159
1996-97,Patrick Ewing,34,0,0.016291139,0.031782024,0.010066861,0.007024531
2004-05,Dwyane Wade,23,0,0.016006022,0.019223586,0.016978556,0.011815925
2011-12,Rajon Rondo,25,0,0.015208638,0.029115077,0.00282179,0.013689046
2021-22,DeMar DeRozan,32,0,0.014822549,0.008033975,0.004096741,0.03233693
2008-09,Paul Pierce,31,0,0.014571349,0.042163186,0.007113336,-0.005562476
1996-97,Mitch Richmond,31,0,0.014369798,0.034883097,0.002729045,0.005497252
2011-12,Tim Duncan,35,0,0.01417379,0.024654157,0.00311272,0.014754494
1992-93,David Robinson,27,0,0.014146634,0.015523206,0.017257659,0.009659038
2012-13,Tim Duncan,36,0,0.013756185,0.029976403,0.004526326,0.006765825
2014-15,Blake Griffin,25,0,0.013722594,0.02670601,0.009089822,0.00537195
2003-04,Ben Wallace,29,0,0.013680361,0.049679205,0.010477746,-0.019115869
2020-21,Russell Westbrook,32,0,0.01366538,0.011223987,0.011551583,0.01822057
1996-97,Charles Barkley,33,0,0.013525651,0.018648064,0.027253063,-0.005324173
2005-06,Tony Parker,23,0,0.013508803,0.03445851,-0.00518004,0.011247938
2013-14,Tony Parker,31,0,0.013443705,0.04355204,-0.003440609,0.000219685
1994-95,Michael Jordan,31,0,0.013422986,0.016150447,0.015430504,0.008688008
1990-91,Dominique Wilkins,31,0,0.013369082,0.016922627,0.006458802,0.016725816
1999-00,Allen Iverson,24,0,0.013301271,0.013345921,0.007853085,0.018704806
1993-94,Charles Barkley,30,0,0.01328915,0.016260821,0.018595345,0.005011284
2019-20,Chris Paul,34,0,0.01297768,0.04271584,-0.000255926,-0.003526873
1998-99,Rasheed Wallace,24,0,0.012725616,0.048516378,-0.000315344,-0.010024185
2001-02,Elton Brand,22,0,0.012405914,0.01161984,0.009436542,0.01616136
2019-20,Jayson Tatum,21,0,0.012264403,0.048407365,0.0036544,-0.015268556
2002-03,Ben Wallace,28,0,0.011714379,0.02133479,0.015869463,-0.002061117
2016-17,Anthony Davis,23,0,0.011094191,0.010003701,0.00669712,0.016581751
2008-09,Tim Duncan,32,0,0.010469916,0.017196681,0.009823343,0.004389723
1997-98,Rik Smits,31,0,0.010421198,0.033681225,0.00250891,-0.004926543
2007-08,Steve Nash,33,0,0.010307137,0.013765413,0.025179649,-0.008023652
1995-96,Charles Barkley,32,0,0.010241872,0.017394656,0.010029351,0.00330161
1998-99,Arvydas Sabonis,34,0,0.010207506,0.036496155,0.0029028,-0.008776437
1993-94,Kevin Willis,31,0,0.010151233,0.023916751,0.009654051,-0.003117102
2016-17,John Wall,26,0,0.010095668,0.036330592,0.002191251,-0.008234839
1990-91,Patrick Ewing,28,0,0.010054185,0.003017683,0.010969343,0.01617553
2014-15,Marc Gasol,30,0,0.0099401,0.025569886,0.004949024,-0.00069861
2011-12,Russell Westbrook,23,0,0.009901238,0.009183189,0.009990921,0.010529605
2013-14,Al Jefferson,29,0,0.009845826,0.019079834,-0.002206175,0.01266382
2002-03,Chris Webber,29,0,0.009784936,0.012497093,0.009088548,0.007769168
2010-11,Tony Parker,28,0,0.009782247,0.03818869,0.00039479,-0.009236737
1991-92,Charles Barkley,28,0,0.00968823,0.013234506,0.007882068,0.007948116
2009-10,Chris Bosh,25,0,0.009687686,0.010852317,0.001592355,0.016618386
1994-95,Clyde Drexler,32,0,0.009657098,0.005733454,0.004601428,0.018636413
1992-93,Shaquille O'Neal,20,0,0.009353411,-0.007916354,0.006880345,0.029096242
2006-07,Kevin Garnett,30,0,0.009350982,0.020790126,0.000785099,0.006477722
1998-99,Jason Kidd,25,0,0.009160623,-0.025790025,-0.00364407,0.056915965
2000-01,Paul Pierce,23,0,0.009103248,0.015916351,-0.000129288,0.011522681
2014-15,Tim Duncan,38,0,0.009082069,0.02071733,0.000469612,0.006059264
2010-11,Amar'e Stoudemire,28,0,0.008600894,0.013970257,-0.001516147,0.013348573
2009-10,Manu Ginóbili,32,0,0.008491125,0.029035028,0.002038347,-0.005600001
1996-97,Kevin Johnson,30,0,0.008003874,0.012022248,0.025436854,-0.013447481
2004-05,Gilbert Arenas,23,0,0.007990847,0.024964178,0.005364986,-0.006356622
1997-98,Grant Hill,25,0,0.007787427,0.013877868,0.001085589,0.008398824
2003-04,Jason Kidd,30,0,0.007736985,0.011703206,0.009704771,0.001802978
2003-04,Michael Redd,24,0,0.007468296,0.035217084,-0.002916275,-0.00989592
2006-07,Tony Parker,24,0,0.006863257,0.020142844,-0.000482554,0.000929479
2006-07,Carmelo Anthony,22,0,0.006826928,0.01199727,0.002621321,0.005862192
2009-10,Joe Johnson,28,0,0.006785184,0.021092273,0.003369061,-0.004105783
2000-01,David Robinson,35,0,0.005959659,0.021361379,0.00164769,-0.005130093
1998-99,Kevin Garnett,22,0,0.005928125,0.004959641,-0.005897028,0.018721763
2007-08,Tracy McGrady,28,0,0.005814894,0.015267719,0.00055174,0.001625222
1996-97,Tom Gugliotta,27,0,0.00573831,0.0198507,0.007463837,-0.010099608
2007-08,Carmelo Anthony,23,0,0.005614427,0.027422562,-0.009589275,-0.000990006
2007-08,Deron Williams,23,0,0.005531884,0.028002458,0.002725756,-0.014132562
2006-07,Gilbert Arenas,25,0,0.00551194,0.006072432,0.014308257,-0.003844868
1998-99,Grant Hill,26,0,0.005341953,0.009009309,-0.006183052,0.013199602
1996-97,Alonzo Mourning,26,0,0.005284027,0.013251439,0.002896054,-0.000295411
2001-02,Michael Jordan,38,0,0.005230869,0.024716998,0.002380962,-0.011405352
1998-99,Hakeem Olajuwon,36,0,0.005091287,0.012135409,-0.000718167,0.003856619
1990-91,Bernard King,34,0,0.004950379,-0.002137579,0.004237885,0.012750831
2001-02,Ben Wallace,27,0,0.0047767,0.009322261,0.012432436,-0.007424596
2001-02,Peja Stojaković,24,0,0.004649198,0.00323597,0.011264609,-0.000552985
1996-97,Dikembe Mutombo,30,0,0.004629801,0.011944661,0.005594889,-0.003650147
2006-07,Chauncey Billups,30,0,0.004539351,0.03362006,0.006873783,-0.02687579
1993-94,Kevin Johnson,27,0,0.004121583,-0.003198661,0.032381482,-0.016818073
2012-13,David Lee,29,0,0.003859085,0.006523481,0.009398388,-0.004344615
2000-01,Michael Finley,27,0,0.003824571,0.008081883,0.002431626,0.000960205
2011-12,Dirk Nowitzki,33,0,0.003782725,0.004116789,0.001513707,0.005717681
1998-99,Gary Payton,30,0,0.003639076,-0.014890127,-0.00053042,0.026337776
1999-00,Jalen Rose,27,0,0.003587617,0.03129428,-0.001273727,-0.019257702
1998-99,Chris Webber,25,0,0.003080235,-0.008163625,-0.006588666,0.023992997
2009-10,Deron Williams,25,0,0.00304344,0.02367621,0.002757834,-0.017303724
1997-98,John Stockton,35,0,0.003039059,0.011264335,0.00970996,-0.011857118
1999-00,Jason Kidd,26,0,0.002809129,0.025789445,-0.003940715,-0.013421345
2011-12,Dwight Howard,26,0,0.002805958,0.001598001,0.001719618,0.005100255
1990-91,Larry Bird,34,0,0.002582636,0.007494012,0.002484089,-0.002230193
1991-92,Dennis Rodman,30,0,0.002464786,0.02241427,0.003550859,-0.01857077
2007-08,Rasheed Wallace,33,0,0.002417205,0.03395851,0.005016791,-0.031723686
2003-04,Andrei Kirilenko,22,0,0.002108209,-0.003594322,0.00348595,0.006433
1990-91,Robert Parish,37,0,0.001858404,0.00386727,0.003774697,-0.002066757
2002-03,Steve Nash,28,0,0.001648154,0.006146954,0.001603363,-0.002805854
2012-13,Joakim Noah,27,0,0.001397246,0.011419792,0.012495475,-0.01972353
1995-96,Magic Johnson,36,0,0.001388634,-0.000463747,-0.004733784,0.009363432
1995-96,Alonzo Mourning,25,0,0.001360394,-0.000472816,-0.002454208,0.007008207
1998-99,Steve Smith,29,0,0.001352833,0.011013104,0.010987649,-0.017942254
1995-96,Dennis Rodman,34,0,0.001162355,0.020406934,0.035608217,-0.052528087
2019-20,Pascal Siakam,25,0,0.001159368,0.018559126,0.004135246,-0.019216266
2001-02,Mike Bibby,23,0,0.001013321,0.019431956,-0.006555749,-0.009836244
1993-94,Dominique Wilkins,34,0,0.000907967,0.007137436,0.003751049,-0.008164584
1990-91,Joe Dumars,27,0,0.000790556,0.017177895,-0.002144193,-0.012662034
1992-93,Clyde Drexler,30,0,0.000717212,0.001344657,0.004291924,-0.003484945
2002-03,Jamal Mashburn,30,0,0.000469009,0.007101067,0.002101408,-0.007795448
2012-13,Kevin Garnett,36,0,0.000402357,0.011815893,-0.002550876,-0.008057947
1991-92,Detlef Schrempf,29,0,0.00037464,-0.001080221,-0.000125518,0.002329659
1997-98,Glen Rice,30,0,0.00018918,0.001158707,-0.001733182,0.001142015
2001-02,Steve Nash,27,0,-3.43E-05,0.011962205,0.002567364,-0.014632422
1990-91,Kevin McHale,33,0,-0.000298868,0.001590788,0.004648814,-0.007136206
2013-14,Tim Duncan,37,0,-0.00036599,0.014736563,0.008242177,-0.024076711
1991-92,Kevin Johnson,25,0,-0.000377644,0.00730264,0.008164985,-0.016600557
1996-97,Anthony Mason,30,0,-0.000404125,0.003463479,0.004634475,-0.00931033
1991-92,Larry Bird,35,0,-0.000476556,-0.010121331,0.003309635,0.005382028
2013-14,Mike Conley,26,0,-0.000516422,0.03125353,0.000752727,-0.033555523
1999-00,Michael Finley,26,0,-0.000659009,0.003463814,-0.002291312,-0.003149527
1994-95,Dennis Rodman,33,0,-0.000754668,-0.005331773,0.007275561,-0.004207793
2010-11,Manu Ginóbili,33,0,-0.00080288,0.012638658,0.002675956,-0.017723255
2013-14,Goran Dragić,27,0,-0.000967193,-0.001529232,-0.000763638,-0.000608708
1990-91,Isiah Thomas,29,0,-0.001059475,0.003425814,0.005621703,-0.012225944
1991-92,Mark Price,27,0,-0.001178686,0.009885902,0.000655549,-0.01407751
2012-13,Ty Lawson,25,0,-0.001565661,0.024178408,0.000506083,-0.029381473
1994-95,Cedric Ceballos,25,0,-0.001702228,-0.013581369,-0.001328668,0.009803352
2003-04,Baron Davis,24,0,-0.002412408,-0.019385222,0.001321355,0.010826645
2017-18,Jimmy Butler,28,0,-0.002424089,0.000527006,0.003205271,-0.011004544
2000-01,John Stockton,38,0,-0.002499324,0.020297706,-0.002611471,-0.025184207
2007-08,Antawn Jamison,31,0,-0.002624759,0.004550841,-0.005158057,-0.007267061
1991-92,Danny Manning,25,0,-0.00269053,-0.003717255,0.000923717,-0.005278054
2000-01,Anthony Mason,34,0,-0.002738244,0.004371684,0.003343495,-0.015929911
2006-07,Shaquille O'Neal,34,0,-0.00290932,-0.026498713,0.004013265,0.013757487
1995-96,Mitch Richmond,30,0,-0.003148745,0.003837183,-0.000279566,-0.013003851
1998-99,Shawn Kemp,29,0,-0.003170694,-0.000933651,-0.01172634,0.003147908
1996-97,Steve Smith,27,0,-0.003222796,0.010140797,0.005748032,-0.025557216
1998-99,Glenn Robinson,26,0,-0.003566534,-0.001144657,-0.001078082,-0.008476864
2003-04,LeBron James,19,0,-0.003771627,-0.015587401,0.009082126,-0.004809606
2010-11,Rajon Rondo,24,0,-0.003945289,0.003418788,0.001599269,-0.016853925
1998-99,Vince Carter,22,0,-0.003947939,-0.018527292,-0.004454708,0.011138183
2000-01,Jason Kidd,27,0,-0.004032499,0.005041808,-5.65E-05,-0.017082784
2003-04,Carmelo Anthony,19,0,-0.004386259,-0.002242647,-0.00239089,-0.00852524
1993-94,Dennis Rodman,32,0,-0.004412407,0.00612146,0.020049693,-0.039408375
1991-92,Tim Hardaway,25,0,-0.004517162,-0.003356952,0.008581871,-0.018776406
2001-02,Jerry Stackhouse,27,0,-0.004685241,0.002431002,0.007386675,-0.0238734
1992-93,Joe Dumars,29,0,-0.005118802,0.010118801,-0.004454231,-0.021020975
1997-98,Rod Strickland,31,0,-0.005716368,-0.009325285,0.003299633,-0.011123451
1997-98,Michael Finley,24,0,-0.005858289,-0.014107917,0.000441426,-0.003908376
2006-07,Baron Davis,27,0,-0.006302221,0.00146394,-0.004622174,-0.01574843
1992-93,Mark Price,28,0,-0.006403475,0.006032758,-0.002781248,-0.022461936
1993-94,Gary Payton,25,0,-0.006501239,0.005197479,0.001613805,-0.026315
2007-08,Carlos Boozer,26,0,-0.006560484,-0.004353013,-0.016481554,0.001153116
2009-10,Chauncey Billups,33,0,-0.006789565,0.01140582,0.004952902,-0.036727417
1994-95,Jason Kidd,21,0,-0.006809716,-0.026351128,0.012463132,-0.006541151
1996-97,Allen Iverson,21,0,-0.006862454,-0.011639416,0.006308863,-0.01525681
1999-00,Reggie Miller,34,0,-0.006957719,-0.001459796,-0.001405111,-0.01800825
1994-95,Gary Payton,26,0,-0.00730748,-0.011841137,-0.01271583,0.002634526
1990-91,Kenny Smith,25,0,-0.007420843,-0.002295084,-0.006166389,-0.013801056
2009-10,Stephen Jackson,31,0,-0.00797258,0.011936257,-0.006526237,-0.029327761
1993-94,Mark Price,29,0,-0.008170967,-0.004690576,0.000579176,-0.0204015
2004-05,Marcus Camby,30,0,-0.008496631,0.002062213,0.001234779,-0.028786886
1998-99,Anfernee Hardaway,27,0,-0.008802933,-0.002333103,-0.003975323,-0.020100374
2010-11,Chris Paul,25,0,-0.009737464,-0.017583638,-0.003286218,-0.008342537
1998-99,Mark Jackson,33,0,-0.009890429,-0.016250972,-0.004575802,-0.008844513
2020-21,Ben Simmons,24,0,-0.010760804,-0.00063475,-0.001534959,-0.030112702
1997-98,Mitch Richmond,32,0,-0.01108398,0.003060615,-0.004910654,-0.0314019
2008-09,Chauncey Billups,32,0,-0.011432652,-0.002121184,0.000218639,-0.03239541
1993-94,Latrell Sprewell,23,0,-0.012878802,-0.009474704,-0.003556309,-0.025605392
2011-12,Steve Nash,37,0,-0.015005557,-0.025998637,-0.00268106,-0.016336974
1990-91,Tim Hardaway,24,0,-0.016247197,-0.019109178,-0.011223799,-0.018408615
1999-00,Darrell Armstrong,31,0,-0.017081548,-0.005777869,-0.006910203,-0.038556572
2011-12,Joe Johnson,30,0,-0.019788394,-0.025475487,-0.001591621,-0.032298073
2004-05,P.J. Brown,35,0,-0.019895188,-0.04303396,-0.000733769,-0.015917834
1992-93,John Stockton,30,0,-0.022591588,-0.037849482,-0.000477633,-0.029447649
