Player,Pos,Pos_No,Age,Tm,G,GS,Seed,Win %,1.MP,1.FG,1.FGA,1.3P,1.3PA,1.2P,1.2PA,1.FT,1.FTA,1.ORB,1.DRB,1.TRB,1.AST,1.STL,1.BLK,1.TOV,1.PF,1.PTS,2.MP,2.FG,2.FGA,2.FG%,2.3P,2.3PA,2.3P%,2.2P,2.2PA,2.2P%,2.eFG%,2.FT,2.FTA,2.FT%,2.ORB,2.DRB,2.TRB,2.AST,2.STL,2.BLK,2.TOV,2.PF,2.PTS,3.FG,3.FGA,3.3P,3.3PA,3.2P,3.2PA,3.FT,3.FTA,3.ORB,3.DRB,3.TRB,3.AST,3.STL,3.BLK,3.TOV,3.PF,3.PTS,4.FG,4.FGA,4.3P,4.3PA,4.2P,4.2PA,4.FT,4.FTA,4.ORB,4.DRB,4.TRB,4.AST,4.STL,4.BLK,4.TOV,4.PF,4.PTS,5.ORtg,5.DRtg,5.PER,5.TS%,5.3PAr,5.FTr,5.ORB%,5.DRB%,5.TRB%,5.AST%,5.STL%,5.BLK%,5.TOV%,5.USG%,5.OWS,5.DWS,5.WS,5.WS/48,5.OBPM,5.DBPM,5.BPM,5.VORP,6.FG+,6.2P+,6.3P+,6.eFG+,6.FT+,6.TS+,6.FTr+,6.3PAr+,6.FG Add,6.TS Add,MVP,MVP Rank,MVP Share,Year
Shaquille O'Neal,C,5,27,LAL,79,79,1,0.817073171,3163,956,1665,0,1,956,1664,432,824,336,742,1078,299,36,239,223,255,2344,40.0,12.1,21.1,0.574,0.0,0.0,0.0,12.1,21.1,0.575,0.574,5.5,10.4,0.524,4.3,9.4,13.6,3.8,0.5,3.0,2.8,3.2,29.7,10.9,19.0,0.0,0.0,10.9,18.9,4.9,9.4,3.8,8.4,12.3,3.4,0.4,2.7,2.5,2.9,26.7,15.5,27.1,0.0,0.0,15.5,27.1,7.0,13.4,5.5,12.1,17.5,4.9,0.6,3.9,3.6,4.1,38.1,115,95,30.6,0.578,0.001,0.495,11.5,24.8,18.3,19.3,0.6,5.3,9.9,31.2,11.7,7.0,18.6,0.283,7.3,2.0,9.3,9.0,128,123,0,120,70,111,161,0,319.7,223.9,1,1,0.998,1999-00
Kevin Garnett,PF,4,23,MIN,81,81,8,0.609756098,3243,759,1526,30,81,729,1445,309,404,223,733,956,401,120,126,268,205,1857,40.0,9.4,18.8,0.497,0.4,1.0,0.37,9.0,17.8,0.504,0.507,3.8,5.0,0.765,2.8,9.0,11.8,5.0,1.5,1.6,3.3,2.5,22.9,8.4,16.9,0.3,0.9,8.1,16.0,3.4,4.5,2.5,8.1,10.6,4.5,1.3,1.4,3.0,2.3,20.6,12.2,24.6,0.5,1.3,11.8,23.3,5.0,6.5,3.6,11.8,15.4,6.5,1.9,2.0,4.3,3.3,29.9,107,99,23.6,0.545,0.053,0.265,7.9,26.6,17.1,21.5,1.9,2.8,13.6,27.4,6.1,5.6,11.6,0.172,4.6,1.7,6.3,6.8,111,108,105,106,102,104,86,32,88.6,75.5,0,2,0.337,1999-00
Alonzo Mourning,C,5,29,MIA,79,78,7,0.634146341,2748,652,1184,0,4,652,1180,414,582,215,538,753,123,40,294,217,308,1718,34.8,8.3,15.0,0.551,0.0,0.1,0.0,8.3,14.9,0.553,0.551,5.2,7.4,0.711,2.7,6.8,9.5,1.6,0.5,3.7,2.7,3.9,21.7,8.5,15.5,0.0,0.1,8.5,15.5,5.4,7.6,2.8,7.0,9.9,1.6,0.5,3.9,2.8,4.0,22.5,12.7,23.1,0.0,0.1,12.7,23.0,8.1,11.3,4.2,10.5,14.7,2.4,0.8,5.7,4.2,6.0,33.5,112,96,25.8,0.596,0.003,0.492,9.5,21.6,15.9,8.7,0.8,7.8,13.1,28.1,7.3,5.6,12.9,0.226,3.1,2.2,5.3,5.0,123,118,0,115,95,114,160,2,171.7,212.2,0,3,0.303,1999-00
Karl Malone,PF,4,36,UTA,82,82,4,0.670731707,2947,752,1476,2,8,750,1468,589,739,169,610,779,304,79,71,231,229,2095,35.9,9.2,18.0,0.509,0.0,0.1,0.25,9.1,17.9,0.511,0.51,7.2,9.0,0.797,2.1,7.4,9.5,3.7,1.0,0.9,2.8,2.8,25.5,9.2,18.0,0.0,0.1,9.2,17.9,7.2,9.0,2.1,7.5,9.5,3.7,1.0,0.9,2.8,2.8,25.6,13.7,26.8,0.0,0.1,13.6,26.7,10.7,13.4,3.1,11.1,14.2,5.5,1.4,1.3,4.2,4.2,38.1,115,100,27.1,0.582,0.005,0.501,7.1,24.7,16.1,20.9,1.4,1.9,11.4,31.9,10.7,4.5,15.3,0.249,6.4,1.1,7.5,7.1,114,109,71,107,106,111,163,3,94.5,211.6,0,4,0.258,1999-00
Tim Duncan,PF,4,23,SAS,74,74,6,0.646341463,2875,628,1281,1,11,627,1270,459,603,262,656,918,234,66,165,242,210,1716,38.9,8.5,17.3,0.49,0.0,0.1,0.091,8.5,17.2,0.494,0.491,6.2,8.1,0.761,3.5,8.9,12.4,3.2,0.9,2.2,3.3,2.8,23.2,7.9,16.0,0.0,0.1,7.9,15.9,5.7,7.6,3.3,8.2,11.5,2.9,0.8,2.1,3.0,2.6,21.5,11.6,23.6,0.0,0.2,11.5,23.4,8.4,11.1,4.8,12.1,16.9,4.3,1.2,3.0,4.5,3.9,31.6,109,95,24.8,0.555,0.009,0.471,10.8,24.8,18.1,15.5,1.2,4.0,13.5,28.7,6.7,6.4,13.0,0.218,3.8,1.8,5.6,5.5,109,106,26,103,101,106,153,5,31.9,99.1,0,5,0.205,1999-00
Gary Payton,PG,1,31,SEA,82,82,12,0.548780488,3425,747,1666,177,520,570,1146,311,423,100,429,529,732,153,18,224,178,1982,41.8,9.1,20.3,0.448,2.2,6.3,0.34,7.0,14.0,0.497,0.502,3.8,5.2,0.735,1.2,5.2,6.5,8.9,1.9,0.2,2.7,2.2,24.2,7.9,17.5,1.9,5.5,6.0,12.0,3.3,4.4,1.1,4.5,5.6,7.7,1.6,0.2,2.4,1.9,20.8,11.2,25.0,2.7,7.8,8.6,17.2,4.7,6.3,1.5,6.4,7.9,11.0,2.3,0.3,3.4,2.7,29.8,114,104,23.6,0.535,0.312,0.254,3.2,13.9,8.5,37.7,2.3,0.4,10.8,26.8,10.5,3.5,13.9,0.195,5.8,0.7,6.4,7.3,100,106,96,105,98,102,82,187,77.8,45.3,0,6,0.149,1999-00
Allen Iverson,SG,2,24,PHI,70,70,11,0.597560976,2853,729,1733,89,261,640,1472,442,620,71,196,267,328,144,5,230,162,1989,40.8,10.4,24.8,0.421,1.3,3.7,0.341,9.1,21.0,0.435,0.446,6.3,8.9,0.713,1.0,2.8,3.8,4.7,2.1,0.1,3.3,2.3,28.4,9.2,21.9,1.1,3.3,8.1,18.6,5.6,7.8,0.9,2.5,3.4,4.1,1.8,0.1,2.9,2.0,25.1,13.2,31.5,1.6,4.7,11.6,26.7,8.0,11.3,1.3,3.6,4.8,6.0,2.6,0.1,4.2,2.9,36.1,101,102,20.0,0.496,0.151,0.358,2.7,7.7,5.2,23.0,2.6,0.1,10.3,34.4,3.3,3.6,6.9,0.116,3.4,-0.2,3.2,3.8,94,93,97,93,95,95,116,90,-110.3,-108.4,0,7,0.109,1999-00
Grant Hill,SF,3,27,DET,74,74,15,0.512195122,2776,696,1422,34,98,662,1324,480,604,97,393,490,385,103,43,240,190,1906,37.5,9.4,19.2,0.489,0.5,1.3,0.347,8.9,17.9,0.5,0.501,6.5,8.2,0.795,1.3,5.3,6.6,5.2,1.4,0.6,3.2,2.6,25.8,9.0,18.4,0.4,1.3,8.6,17.2,6.2,7.8,1.3,5.1,6.4,5.0,1.3,0.6,3.1,2.5,24.7,12.6,25.7,0.6,1.8,12.0,23.9,8.7,10.9,1.8,7.1,8.9,7.0,1.9,0.8,4.3,3.4,34.5,111,105,24.5,0.565,0.069,0.425,4.1,16.4,10.2,26.8,1.9,1.1,12.4,30.5,8.1,2.6,10.7,0.185,5.4,0.1,5.4,5.2,109,107,98,105,106,108,138,41,66.1,141.2,0,8,0.093,1999-00
Chris Webber,PF,4,26,SAC,75,75,14,0.536585366,2880,748,1548,27,95,721,1453,311,414,189,598,787,345,120,128,218,264,1834,38.4,10.0,20.6,0.483,0.4,1.3,0.284,9.6,19.4,0.496,0.492,4.1,5.5,0.751,2.5,8.0,10.5,4.6,1.6,1.7,2.9,3.5,24.5,9.3,19.4,0.3,1.2,9.0,18.2,3.9,5.2,2.4,7.5,9.8,4.3,1.5,1.6,2.7,3.3,22.9,12.6,26.0,0.5,1.6,12.1,24.4,5.2,6.9,3.2,10.0,13.2,5.8,2.0,2.1,3.7,4.4,30.8,107,98,23.4,0.53,0.061,0.267,6.8,21.8,14.3,21.1,2.0,2.9,11.2,28.2,5.7,5.0,10.7,0.179,3.6,2.1,5.7,5.6,108,106,81,103,100,101,87,37,42.6,24.9,0,9,0.079,1999-00
Vince Carter,SF,3,23,TOR,82,82,13,0.548780488,3126,788,1696,95,236,693,1460,436,551,150,326,476,322,110,92,178,263,2107,38.1,9.6,20.7,0.465,1.2,2.9,0.403,8.5,17.8,0.475,0.493,5.3,6.7,0.791,1.8,4.0,5.8,3.9,1.3,1.1,2.2,3.2,25.7,9.1,19.5,1.1,2.7,8.0,16.8,5.0,6.3,1.7,3.8,5.5,3.7,1.3,1.1,2.0,3.0,24.3,13.1,28.2,1.6,3.9,11.5,24.2,7.2,9.2,2.5,5.4,7.9,5.3,1.8,1.5,3.0,4.4,35.0,112,105,23.4,0.543,0.139,0.325,5.2,12.1,8.5,20.5,1.8,2.1,8.4,30.0,9.1,2.7,11.8,0.182,5.6,-0.1,5.5,5.9,104,101,114,103,105,104,106,83,49.1,80.1,0,10,0.042,1999-00
Jason Kidd,PG,1,26,PHO,67,67,5,0.646341463,2616,350,855,56,166,294,689,203,245,96,387,483,678,134,28,226,148,959,39.0,5.2,12.8,0.409,0.8,2.5,0.337,4.4,10.3,0.427,0.442,3.0,3.7,0.829,1.4,5.8,7.2,10.1,2.0,0.4,3.4,2.2,14.3,4.8,11.8,0.8,2.3,4.0,9.5,2.8,3.4,1.3,5.3,6.6,9.3,1.8,0.4,3.1,2.0,13.2,6.8,16.7,1.1,3.2,5.7,13.4,4.0,4.8,1.9,7.6,9.4,13.2,2.6,0.5,4.4,2.9,18.7,106,98,18.4,0.498,0.194,0.287,4.2,16.1,10.3,40.1,2.6,0.8,19.0,20.0,3.7,4.8,8.5,0.156,2.3,2.0,4.3,4.2,91,91,96,92,110,95,93,116,-61.7,-47.8,0,11,0.021,1999-00
Kobe Bryant,SG,2,21,LAL,66,62,1,0.817073171,2524,554,1183,46,144,508,1039,331,403,108,308,416,323,106,62,182,220,1485,38.2,8.4,17.9,0.468,0.7,2.2,0.319,7.7,15.7,0.489,0.488,5.0,6.1,0.821,1.6,4.7,6.3,4.9,1.6,0.9,2.8,3.3,22.5,7.9,16.9,0.7,2.1,7.2,14.8,4.7,5.7,1.5,4.4,5.9,4.6,1.5,0.9,2.6,3.1,21.2,11.3,24.1,0.9,2.9,10.3,21.2,6.7,8.2,2.2,6.3,8.5,6.6,2.2,1.3,3.7,4.5,30.3,110,98,21.7,0.546,0.122,0.341,4.6,12.9,8.8,22.4,2.2,1.7,11.8,26.8,6.1,4.5,10.6,0.202,3.5,1.6,5.1,4.5,104,105,90,102,109,104,111,73,22.7,62.6,0,12,0.002,1999-00
Darrell Armstrong,PG,1,31,ORL,82,82,17,0.5,2590,484,1119,137,403,347,716,225,247,65,205,270,501,169,9,248,137,1330,31.6,5.9,13.6,0.433,1.7,4.9,0.34,4.2,8.7,0.485,0.494,2.7,3.0,0.911,0.8,2.5,3.3,6.1,2.1,0.1,3.0,1.7,16.2,6.7,15.6,1.9,5.6,4.8,10.0,3.1,3.4,0.9,2.8,3.8,7.0,2.3,0.1,3.4,1.9,18.5,9.2,21.3,2.6,7.7,6.6,13.6,4.3,4.7,1.2,3.9,5.1,9.5,3.2,0.2,4.7,2.6,25.3,107,102,19.5,0.542,0.36,0.221,2.7,8.6,5.7,31.4,3.2,0.2,16.8,23.9,4.6,3.4,8.0,0.149,3.6,0.9,4.5,4.3,96,104,96,103,121,104,72,216,34.9,46.3,0,13,0.001,1999-00
Michael Finley,SF,3,26,DAL,82,82,18,0.487804878,3464,748,1636,99,247,649,1389,260,317,122,396,518,438,109,32,196,171,1855,42.2,9.1,20.0,0.457,1.2,3.0,0.401,7.9,16.9,0.467,0.487,3.2,3.9,0.82,1.5,4.8,6.3,5.3,1.3,0.4,2.4,2.1,22.6,7.8,17.0,1.0,2.6,6.7,14.4,2.7,3.3,1.3,4.1,5.4,4.6,1.1,0.3,2.0,1.8,19.3,10.9,23.9,1.4,3.6,9.5,20.3,3.8,4.6,1.8,5.8,7.6,6.4,1.6,0.5,2.9,2.5,27.1,108,108,19.2,0.522,0.151,0.194,3.8,12.2,8.0,21.3,1.6,0.6,9.9,25.1,6.4,1.9,8.3,0.114,3.0,-0.9,2.1,3.6,102,100,114,102,109,100,63,90,30.4,-1.5,0,13,0.001,1999-00
Reggie Miller,SG,2,34,IND,81,81,3,0.682926829,2987,466,1041,165,404,301,637,373,406,50,189,239,187,85,25,129,126,1470,36.9,5.8,12.9,0.448,2.0,5.0,0.408,3.7,7.9,0.473,0.527,4.6,5.0,0.919,0.6,2.3,3.0,2.3,1.0,0.3,1.6,1.6,18.1,5.6,12.5,2.0,4.9,3.6,7.7,4.5,4.9,0.6,2.3,2.9,2.3,1.0,0.3,1.6,1.5,17.7,8.0,18.0,2.8,7.0,5.2,11.0,6.4,7.0,0.9,3.3,4.1,3.2,1.5,0.4,2.2,2.2,25.4,118,107,17.3,0.603,0.388,0.39,2.0,6.8,4.5,10.2,1.5,0.6,9.6,20.5,8.0,2.0,10.1,0.162,3.0,-0.3,2.7,3.6,100,101,116,110,122,115,127,232,101.5,194.7,0,13,0.001,1999-00
Jalen Rose,SF,3,27,IND,80,80,3,0.682926829,2978,563,1196,77,196,486,1000,254,307,42,345,387,320,84,49,188,234,1457,37.2,7.0,15.0,0.471,1.0,2.5,0.393,6.1,12.5,0.486,0.503,3.2,3.8,0.827,0.5,4.3,4.8,4.0,1.1,0.6,2.4,2.9,18.2,6.8,14.5,0.9,2.4,5.9,12.1,3.1,3.7,0.5,4.2,4.7,3.9,1.0,0.6,2.3,2.8,17.6,9.7,20.7,1.3,3.4,8.4,17.3,4.4,5.3,0.7,6.0,6.7,5.5,1.5,0.8,3.3,4.1,25.2,106,105,16.7,0.547,0.164,0.257,1.6,12.5,7.3,18.4,1.5,1.1,12.4,23.2,4.4,2.9,7.3,0.118,1.2,0.2,1.4,2.5,105,104,111,105,110,105,83,98,59.2,65.2,0,13,0.001,1999-00
Karl Malone,PF,4,35,UTA,49,49,2,0.74,1832,393,797,0,1,393,796,378,480,107,356,463,201,62,28,162,134,1164,37.4,8.0,16.3,0.493,0.0,0.0,0.0,8.0,16.2,0.494,0.493,7.7,9.8,0.788,2.2,7.3,9.4,4.1,1.3,0.6,3.3,2.7,23.8,7.7,15.7,0.0,0.0,7.7,15.6,7.4,9.4,2.1,7.0,9.1,3.9,1.2,0.6,3.2,2.6,22.9,11.8,24.0,0.0,0.0,11.8,24.0,11.4,14.5,3.2,10.7,13.9,6.1,1.9,0.8,4.9,4.0,35.1,112,96,25.6,0.577,0.001,0.602,7.7,22.1,15.4,23.0,1.9,1.2,13.8,30.5,6.2,3.4,9.6,0.252,5.3,1.4,6.7,4.0,113,108,0,106,108,113,183,1,44.0,132.8,1,1,0.701,1998-99
Alonzo Mourning,C,5,28,MIA,46,46,5,0.66,1753,324,634,0,2,324,632,276,423,166,341,507,74,34,180,139,161,924,38.1,7.0,13.8,0.511,0.0,0.0,0.0,7.0,13.7,0.513,0.511,6.0,9.2,0.652,3.6,7.4,11.0,1.6,0.7,3.9,3.0,3.5,20.1,6.7,13.0,0.0,0.0,6.7,13.0,5.7,8.7,3.4,7.0,10.4,1.5,0.7,3.7,2.9,3.3,19.0,10.5,20.5,0.0,0.1,10.5,20.4,8.9,13.7,5.4,11.0,16.4,2.4,1.1,5.8,4.5,5.2,29.8,107,93,24.6,0.563,0.003,0.667,12.3,22.0,17.5,8.7,1.1,7.7,14.5,27.1,4.0,3.9,7.9,0.216,2.5,2.2,4.7,3.0,117,112,0,110,90,110,202,2,57.7,85.2,0,2,0.655,1998-99
Tim Duncan,PF,4,22,SAS,50,50,1,0.74,1963,418,845,1,7,417,838,247,358,159,412,571,121,45,126,146,147,1084,39.3,8.4,16.9,0.495,0.0,0.1,0.143,8.3,16.8,0.498,0.495,4.9,7.2,0.69,3.2,8.2,11.4,2.4,0.9,2.5,2.9,2.9,21.7,7.7,15.5,0.0,0.1,7.6,15.4,4.5,6.6,2.9,7.6,10.5,2.2,0.8,2.3,2.7,2.7,19.9,11.5,23.3,0.0,0.2,11.5,23.1,6.8,9.9,4.4,11.4,15.8,3.3,1.2,3.5,4.0,4.1,29.9,106,91,23.2,0.541,0.008,0.424,9.7,22.2,16.3,12.1,1.2,4.4,12.7,27.2,4.0,4.7,8.7,0.213,2.7,1.8,4.5,3.2,113,109,42,106,95,106,128,5,50.3,58.6,0,3,0.627,1998-99
Allen Iverson,SG,2,23,PHI,48,48,12,0.56,1990,435,1056,58,199,377,857,356,474,66,170,236,223,110,7,167,98,1284,41.5,9.1,22.0,0.412,1.2,4.1,0.291,7.9,17.9,0.44,0.439,7.4,9.9,0.751,1.4,3.5,4.9,4.6,2.3,0.1,3.5,2.0,26.8,7.9,19.1,1.0,3.6,6.8,15.5,6.4,8.6,1.2,3.1,4.3,4.0,2.0,0.1,3.0,1.8,23.2,11.8,28.7,1.6,5.4,10.3,23.3,9.7,12.9,1.8,4.6,6.4,6.1,3.0,0.2,4.5,2.7,34.9,105,99,22.2,0.508,0.188,0.449,3.8,10.1,6.9,24.2,3.0,0.3,11.7,32.6,4.3,2.9,7.2,0.173,5.1,0.6,5.7,3.9,94,96,86,94,103,99,136,112,-55.2,-9.4,0,4,0.27,1998-99
Jason Kidd,PG,1,25,PHO,50,50,14,0.54,2060,310,698,45,123,265,575,181,239,87,252,339,539,114,19,150,108,846,41.2,6.2,14.0,0.444,0.9,2.5,0.366,5.3,11.5,0.461,0.476,3.6,4.8,0.757,1.7,5.0,6.8,10.8,2.3,0.4,3.0,2.2,16.9,5.4,12.2,0.8,2.1,4.6,10.0,3.2,4.2,1.5,4.4,5.9,9.4,2.0,0.3,2.6,1.9,14.8,8.0,18.1,1.2,3.2,6.9,14.9,4.7,6.2,2.3,6.5,8.8,14.0,3.0,0.5,3.9,2.8,21.9,113,102,22.5,0.527,0.176,0.342,4.8,14.5,9.6,44.0,3.0,0.7,15.7,21.4,5.8,2.3,8.1,0.188,4.4,1.1,5.5,3.9,102,101,108,102,104,103,104,105,15.1,24.5,0,5,0.135,1998-99
Shaquille O'Neal,C,5,26,LAL,49,49,9,0.62,1705,510,885,0,1,510,884,269,498,187,338,525,114,36,82,122,155,1289,34.8,10.4,18.1,0.576,0.0,0.0,0.0,10.4,18.0,0.577,0.576,5.5,10.2,0.54,3.8,6.9,10.7,2.3,0.7,1.7,2.5,3.2,26.3,10.8,18.7,0.0,0.0,10.8,18.7,5.7,10.5,3.9,7.1,11.1,2.4,0.8,1.7,2.6,3.3,27.2,15.7,27.2,0.0,0.0,15.7,27.2,8.3,15.3,5.7,10.4,16.1,3.5,1.1,2.5,3.7,4.8,39.6,115,102,30.6,0.584,0.001,0.563,13.1,22.6,18.0,14.4,1.1,3.5,10.0,32.4,7.2,1.9,9.0,0.255,7.5,-0.4,7.1,3.9,132,126,0,124,74,114,171,1,196.0,159.7,0,6,0.075,1998-99
Chris Webber,PF,4,25,SAC,42,42,15,0.54,1719,378,778,4,34,374,744,79,174,149,396,545,173,60,89,148,145,839,40.9,9.0,18.5,0.486,0.1,0.8,0.118,8.9,17.7,0.503,0.488,1.9,4.1,0.454,3.5,9.4,13.0,4.1,1.4,2.1,3.5,3.5,20.0,7.9,16.3,0.1,0.7,7.8,15.6,1.7,3.6,3.1,8.3,11.4,3.6,1.3,1.9,3.1,3.0,17.6,11.0,22.6,0.1,1.0,10.9,21.6,2.3,5.1,4.3,11.5,15.9,5.0,1.7,2.6,4.3,4.2,24.4,98,98,19.5,0.491,0.044,0.224,9.2,24.2,16.7,17.8,1.7,3.3,14.8,24.9,1.0,2.7,3.6,0.102,0.8,1.1,1.9,1.7,111,110,35,105,62,96,68,26,35.6,-35.0,0,7,0.043,1998-99
Grant Hill,SF,3,26,DET,50,50,10,0.58,1852,384,802,0,14,384,788,285,379,65,290,355,300,80,27,184,114,1053,37.0,7.7,16.0,0.479,0.0,0.3,0.0,7.7,15.8,0.487,0.479,5.7,7.6,0.752,1.3,5.8,7.1,6.0,1.6,0.5,3.7,2.3,21.1,7.5,15.6,0.0,0.3,7.5,15.3,5.5,7.4,1.3,5.6,6.9,5.8,1.6,0.5,3.6,2.2,20.5,11.5,24.1,0.0,0.4,11.5,23.7,8.6,11.4,2.0,8.7,10.7,9.0,2.4,0.8,5.5,3.4,31.6,107,98,23.9,0.543,0.017,0.473,4.3,19.3,11.7,33.6,2.4,1.2,16.0,29.6,4.5,2.8,7.3,0.189,4.8,1.4,6.2,3.8,110,107,0,103,103,106,143,10,21.3,62.2,0,8,0.033,1998-99
Gary Payton,PG,1,30,SEA,50,50,18,0.5,2008,401,923,83,281,318,642,199,276,62,182,244,436,109,12,154,115,1084,40.2,8.0,18.5,0.434,1.7,5.6,0.295,6.4,12.8,0.495,0.479,4.0,5.5,0.721,1.2,3.6,4.9,8.7,2.2,0.2,3.1,2.3,21.7,7.2,16.5,1.5,5.0,5.7,11.5,3.6,4.9,1.1,3.3,4.4,7.8,2.0,0.2,2.8,2.1,19.4,10.7,24.6,2.2,7.5,8.5,17.1,5.3,7.4,1.7,4.9,6.5,11.6,2.9,0.3,4.1,3.1,28.9,111,106,23.1,0.519,0.304,0.299,3.5,10.6,7.0,41.3,2.9,0.4,12.9,27.1,6.0,1.2,7.2,0.172,5.1,0.0,5.1,3.6,99,108,87,103,99,101,91,181,25.6,15.8,0,9,0.03,1998-99
Kevin Garnett,PF,4,22,MIN,47,47,17,0.5,1780,414,900,4,14,410,886,145,206,166,323,489,202,78,83,135,152,977,37.9,8.8,19.1,0.46,0.1,0.3,0.286,8.7,18.9,0.463,0.462,3.1,4.4,0.704,3.5,6.9,10.4,4.3,1.7,1.8,2.9,3.2,20.8,8.4,18.2,0.1,0.3,8.3,17.9,2.9,4.2,3.4,6.5,9.9,4.1,1.6,1.7,2.7,3.1,19.8,12.3,26.7,0.1,0.4,12.1,26.2,4.3,6.1,4.9,9.6,14.5,6.0,2.3,2.5,4.0,4.5,28.9,102,97,22.4,0.493,0.016,0.229,9.7,22.0,15.4,21.3,2.3,3.5,12.0,27.8,2.4,3.0,5.4,0.146,3.6,1.7,5.3,3.3,105,101,84,99,97,96,69,9,-5.9,-36.2,0,10,0.008,1998-99
Shawn Kemp,PF,4,29,CLE,42,42,20,0.44,1475,277,575,1,2,276,573,307,389,131,257,388,101,48,45,127,159,862,35.1,6.6,13.7,0.482,0.0,0.0,0.5,6.6,13.6,0.482,0.483,7.3,9.3,0.789,3.1,6.1,9.2,2.4,1.1,1.1,3.0,3.8,20.5,6.8,14.0,0.0,0.0,6.7,14.0,7.5,9.5,3.2,6.3,9.5,2.5,1.2,1.1,3.1,3.9,21.0,10.4,21.7,0.0,0.1,10.4,21.6,11.6,14.7,4.9,9.7,14.6,3.8,1.8,1.7,4.8,6.0,32.5,110,99,23.6,0.578,0.003,0.677,11.4,22.0,16.8,14.9,1.8,2.5,14.5,28.9,4.2,2.1,6.3,0.205,3.8,0.4,4.2,2.3,110,105,148,104,108,113,205,2,19.6,98.8,0,11,0.006,1998-99
David Robinson,C,5,33,SAS,49,49,1,0.74,1554,268,527,0,1,268,526,239,363,148,344,492,103,69,119,108,143,775,31.7,5.5,10.8,0.509,0.0,0.0,0.0,5.5,10.7,0.51,0.509,4.9,7.4,0.658,3.0,7.0,10.0,2.1,1.4,2.4,2.2,2.9,15.8,6.2,12.2,0.0,0.0,6.2,12.2,5.5,8.4,3.4,8.0,11.4,2.4,1.6,2.8,2.5,3.3,18.0,9.3,18.4,0.0,0.0,9.3,18.3,8.3,12.6,5.2,12.0,17.1,3.6,2.4,4.1,3.8,5.0,27.0,111,88,24.9,0.564,0.002,0.689,11.4,23.4,17.8,12.1,2.4,5.3,13.6,23.8,4.0,4.4,8.4,0.261,3.2,3.5,6.7,3.4,116,112,0,109,90,110,209,1,45.3,72.6,0,12,0.005,1998-99
Hakeem Olajuwon,C,5,36,HOU,50,50,8,0.62,1784,373,725,4,13,369,712,195,272,106,372,478,88,82,123,139,160,945,35.7,7.5,14.5,0.514,0.1,0.3,0.308,7.4,14.2,0.518,0.517,3.9,5.4,0.717,2.1,7.4,9.6,1.8,1.6,2.5,2.8,3.2,18.9,7.5,14.6,0.1,0.3,7.4,14.4,3.9,5.5,2.1,7.5,9.6,1.8,1.7,2.5,2.8,3.2,19.1,11.3,22.0,0.1,0.4,11.2,21.6,5.9,8.2,3.2,11.3,14.5,2.7,2.5,3.7,4.2,4.8,28.6,105,96,23.1,0.559,0.018,0.375,7.4,22.8,15.7,9.5,2.5,4.8,14.1,25.9,3.2,3.3,6.5,0.175,1.4,1.8,3.2,2.3,118,113,91,111,98,109,114,11,75.0,81.1,0,13,0.003,1998-99
Arvydas Sabonis,C,5,34,POR,50,48,3,0.7,1349,232,478,7,24,225,454,135,175,88,305,393,119,34,63,85,147,606,27.0,4.6,9.6,0.485,0.1,0.5,0.292,4.5,9.1,0.496,0.493,2.7,3.5,0.771,1.8,6.1,7.9,2.4,0.7,1.3,1.7,2.9,12.1,6.2,12.8,0.2,0.6,6.0,12.1,3.6,4.7,2.3,8.1,10.5,3.2,0.9,1.7,2.3,3.9,16.2,9.3,19.1,0.3,1.0,9.0,18.1,5.4,7.0,3.5,12.2,15.7,4.7,1.4,2.5,3.4,5.9,24.2,110,94,20.4,0.546,0.05,0.366,7.8,25.2,16.8,16.2,1.4,3.5,13.3,21.7,3.0,2.9,5.8,0.207,1.8,2.4,4.3,2.1,111,108,86,106,106,107,111,30,26.0,38.4,0,13,0.003,1998-99
Darrell Armstrong,PG,1,30,ORL,50,15,6,0.66,1502,230,522,69,189,161,333,161,178,53,127,180,335,108,4,158,90,690,30.0,4.6,10.4,0.441,1.4,3.8,0.365,3.2,6.7,0.483,0.507,3.2,3.6,0.904,1.1,2.5,3.6,6.7,2.2,0.1,3.2,1.8,13.8,5.5,12.5,1.7,4.5,3.9,8.0,3.9,4.3,1.3,3.0,4.3,8.0,2.6,0.1,3.8,2.2,16.5,8.3,18.8,2.5,6.8,5.8,12.0,5.8,6.4,1.9,4.6,6.5,12.1,3.9,0.1,5.7,3.2,24.8,110,96,22.2,0.575,0.362,0.341,4.0,10.0,7.0,40.8,3.9,0.2,20.8,22.9,3.8,2.7,6.4,0.205,4.2,2.4,6.7,3.3,101,106,108,109,124,112,103,215,43.0,76.0,0,15,0.002,1998-99
Vince Carter,SF,3,22,TOR,50,49,19,0.46,1760,345,766,19,66,326,700,204,268,94,189,283,149,55,77,110,140,913,35.2,6.9,15.3,0.45,0.4,1.3,0.288,6.5,14.0,0.466,0.463,4.1,5.4,0.761,1.9,3.8,5.7,3.0,1.1,1.5,2.2,2.8,18.3,7.1,15.7,0.4,1.4,6.7,14.3,4.2,5.5,1.9,3.9,5.8,3.0,1.1,1.6,2.3,2.9,18.7,10.6,23.5,0.6,2.0,10.0,21.5,6.3,8.2,2.9,5.8,8.7,4.6,1.7,2.4,3.4,4.3,28.1,107,104,19.6,0.516,0.086,0.35,6.1,12.6,9.3,17.2,1.7,3.3,11.1,25.6,3.6,1.4,5.0,0.136,3.1,-0.4,2.8,2.1,103,102,85,99,105,101,106,51,-4.2,8.9,0,16,0.001,1998-99
Anfernee Hardaway,SG,2,27,ORL,50,50,6,0.66,1944,301,717,40,140,261,577,149,211,74,210,284,266,111,23,150,111,791,38.9,6.0,14.3,0.42,0.8,2.8,0.286,5.2,11.5,0.452,0.448,3.0,4.2,0.706,1.5,4.2,5.7,5.3,2.2,0.5,3.0,2.2,15.8,5.6,13.3,0.7,2.6,4.8,10.7,2.8,3.9,1.4,3.9,5.3,4.9,2.1,0.4,2.8,2.1,14.6,8.4,19.9,1.1,3.9,7.3,16.0,4.1,5.9,2.1,5.8,7.9,7.4,3.1,0.6,4.2,3.1,22.0,100,97,16.7,0.488,0.195,0.294,4.3,12.8,8.5,25.1,3.1,0.9,15.6,22.4,1.6,3.4,5.0,0.122,0.8,2.0,2.8,2.3,96,99,84,96,97,95,89,116,-25.6,-37.3,0,16,0.001,1998-99
Mark Jackson,PG,1,33,IND,49,49,4,0.66,1382,138,329,32,103,106,226,65,79,33,151,184,386,42,3,99,58,373,28.2,2.8,6.7,0.419,0.7,2.1,0.311,2.2,4.6,0.469,0.468,1.3,1.6,0.823,0.7,3.1,3.8,7.9,0.9,0.1,2.0,1.2,7.6,3.6,8.6,0.8,2.7,2.8,5.9,1.7,2.1,0.9,3.9,4.8,10.1,1.1,0.1,2.6,1.5,9.7,5.5,13.2,1.3,4.1,4.3,9.1,2.6,3.2,1.3,6.1,7.4,15.5,1.7,0.1,4.0,2.3,15.0,112,105,17.9,0.513,0.313,0.24,2.9,12.7,7.9,45.4,1.7,0.2,21.4,16.0,3.0,0.9,3.8,0.134,3.7,-0.7,3.0,1.8,96,103,92,101,113,100,73,186,1.7,1.0,0,16,0.001,1998-99
Glenn Robinson,SF,3,26,MIL,47,47,11,0.56,1579,347,756,31,79,316,677,140,161,73,203,276,100,46,41,106,114,865,33.6,7.4,16.1,0.459,0.7,1.7,0.392,6.7,14.4,0.467,0.479,3.0,3.4,0.87,1.6,4.3,5.9,2.1,1.0,0.9,2.3,2.4,18.4,7.9,17.2,0.7,1.8,7.2,15.4,3.2,3.7,1.7,4.6,6.3,2.3,1.0,0.9,2.4,2.6,19.7,12.1,26.4,1.1,2.8,11.0,23.7,4.9,5.6,2.6,7.1,9.6,3.5,1.6,1.4,3.7,4.0,30.2,103,103,19.7,0.523,0.104,0.213,5.7,15.3,10.5,12.5,1.6,2.1,11.4,28.2,2.5,1.5,4.0,0.122,2.7,-0.8,1.9,1.5,105,102,116,103,119,102,65,62,21.1,19.3,0,16,0.001,1998-99
Steve Smith,SG,2,29,ATL,36,36,7,0.62,1314,217,540,47,139,170,401,191,225,50,101,151,118,36,11,99,100,672,36.5,6.0,15.0,0.402,1.3,3.9,0.338,4.7,11.1,0.424,0.445,5.3,6.3,0.849,1.4,2.8,4.2,3.3,1.0,0.3,2.8,2.8,18.7,5.9,14.8,1.3,3.8,4.7,11.0,5.2,6.2,1.4,2.8,4.1,3.2,1.0,0.3,2.7,2.7,18.4,9.3,23.1,2.0,6.0,7.3,17.2,8.2,9.6,2.1,4.3,6.5,5.1,1.5,0.5,4.2,4.3,28.8,107,100,17.9,0.526,0.257,0.417,4.5,8.9,6.7,19.0,1.5,0.6,13.4,26.4,2.7,1.7,4.4,0.162,2.9,0.2,3.1,1.7,92,93,100,96,117,103,126,153,-21.8,18.4,0,16,0.001,1998-99
Rasheed Wallace,PF,4,24,POR,49,18,3,0.7,1414,242,476,13,31,229,445,131,179,57,184,241,60,48,54,80,175,628,28.9,4.9,9.7,0.508,0.3,0.6,0.419,4.7,9.1,0.515,0.522,2.7,3.7,0.732,1.2,3.8,4.9,1.2,1.0,1.1,1.6,3.6,12.8,6.2,12.1,0.3,0.8,5.8,11.3,3.3,4.6,1.5,4.7,6.1,1.5,1.2,1.4,2.0,4.5,16.0,9.2,18.1,0.5,1.2,8.7,16.9,5.0,6.8,2.2,7.0,9.2,2.3,1.8,2.1,3.0,6.7,23.9,109,97,16.7,0.566,0.065,0.376,4.8,14.5,9.8,7.8,1.8,2.9,12.6,20.5,2.6,2.4,5.0,0.169,0.2,1.8,2.0,1.4,116,113,124,112,101,111,114,39,53.8,60.6,0,16,0.001,1998-99
Michael Jordan,SG,2,34,CHI,82,82,1,0.756097561,3181,881,1893,30,126,851,1767,565,721,130,345,475,283,141,45,185,151,2357,38.8,10.7,23.1,0.465,0.4,1.5,0.238,10.4,21.5,0.482,0.473,6.9,8.8,0.784,1.6,4.2,5.8,3.5,1.7,0.5,2.3,1.8,28.7,10.0,21.4,0.3,1.4,9.6,20.0,6.4,8.2,1.5,3.9,5.4,3.2,1.6,0.5,2.1,1.7,26.7,14.9,32.1,0.5,2.1,14.4,30.0,9.6,12.2,2.2,5.8,8.1,4.8,2.4,0.8,3.1,2.6,40.0,114,100,25.2,0.533,0.067,0.381,4.7,12.5,8.5,18.0,2.4,1.0,7.7,33.7,10.4,5.4,15.8,0.238,5.9,1.0,6.9,7.1,103,102,69,99,106,102,116,42,-17.9,42.5,1,1,0.934,1997-98
Karl Malone,PF,4,34,UTA,81,81,2,0.756097561,3030,780,1472,2,6,778,1466,628,825,189,645,834,316,96,70,247,237,2190,37.4,9.6,18.2,0.53,0.0,0.1,0.333,9.6,18.1,0.531,0.531,7.8,10.2,0.761,2.3,8.0,10.3,3.9,1.2,0.9,3.0,2.9,27.0,9.3,17.5,0.0,0.1,9.2,17.4,7.5,9.8,2.2,7.7,9.9,3.8,1.1,0.8,2.9,2.8,26.0,13.9,26.2,0.0,0.1,13.8,26.0,11.2,14.7,3.4,11.5,14.8,5.6,1.7,1.2,4.4,4.2,38.9,118,102,27.9,0.597,0.004,0.56,8.3,24.8,17.1,20.9,1.7,1.7,11.9,31.8,12.1,4.3,16.4,0.259,6.6,0.7,7.3,7.1,118,113,96,111,103,114,170,3,154.6,268.5,0,2,0.726,1997-98
Gary Payton,PG,1,29,SEA,82,82,4,0.743902439,3145,579,1278,134,397,445,881,279,375,77,299,376,679,185,18,229,195,1571,38.4,7.1,15.6,0.453,1.6,4.8,0.338,5.4,10.7,0.505,0.505,3.4,4.6,0.744,0.9,3.6,4.6,8.3,2.3,0.2,2.8,2.4,19.2,6.6,14.6,1.5,4.5,5.1,10.1,3.2,4.3,0.9,3.4,4.3,7.8,2.1,0.2,2.6,2.2,18.0,9.8,21.7,2.3,6.7,7.6,15.0,4.7,6.4,1.3,5.1,6.4,11.5,3.1,0.3,3.9,3.3,26.7,114,103,21.6,0.544,0.311,0.293,3.0,11.2,7.1,36.7,3.1,0.4,13.7,24.6,8.5,4.0,12.5,0.19,4.4,0.7,5.1,5.7,101,107,98,106,101,104,89,195,70.1,60.0,0,3,0.372,1997-98
Shaquille O'Neal,C,5,25,LAL,60,57,3,0.743902439,2175,670,1147,0,0,670,1147,359,681,208,473,681,142,39,144,175,193,1699,36.3,11.2,19.1,0.584,0.0,0.0,0.0,11.2,19.1,0.584,0.584,6.0,11.4,0.527,3.5,7.9,11.4,2.4,0.7,2.4,2.9,3.2,28.3,11.1,19.0,0.0,0.0,11.1,19.0,5.9,11.3,3.4,7.8,11.3,2.4,0.6,2.4,2.9,3.2,28.1,15.8,27.1,0.0,0.0,15.8,27.1,8.5,16.1,4.9,11.2,16.1,3.3,0.9,3.4,4.1,4.6,40.1,113,101,28.8,0.587,0.0,0.594,11.1,24.0,17.7,13.5,0.9,4.6,10.8,32.9,6.7,3.4,10.2,0.224,5.7,0.2,5.8,4.3,130,124,0,122,72,112,180,0,243.4,184.1,0,4,0.268,1997-98
Tim Duncan,PF,4,21,SAS,82,82,7,0.682926829,3204,706,1287,0,10,706,1277,319,482,274,703,977,224,55,206,279,254,1731,39.1,8.6,15.7,0.549,0.0,0.1,0.0,8.6,15.6,0.553,0.549,3.9,5.9,0.662,3.3,8.6,11.9,2.7,0.7,2.5,3.4,3.1,21.1,7.9,14.5,0.0,0.1,7.9,14.3,3.6,5.4,3.1,7.9,11.0,2.5,0.6,2.3,3.1,2.9,19.4,12.0,21.8,0.0,0.2,12.0,21.6,5.4,8.2,4.6,11.9,16.6,3.8,0.9,3.5,4.7,4.3,29.3,108,95,22.6,0.577,0.008,0.375,10.5,23.8,17.6,13.7,0.9,4.5,15.7,26.0,5.6,7.2,12.8,0.192,2.5,2.0,4.6,5.3,122,118,0,115,90,110,114,5,181.5,161.2,0,5,0.128,1997-98
Tim Hardaway,PG,1,31,MIA,81,81,8,0.670731707,3031,558,1296,155,442,403,854,257,329,48,251,299,672,136,16,224,200,1528,37.4,6.9,16.0,0.431,1.9,5.5,0.351,5.0,10.5,0.472,0.49,3.2,4.1,0.781,0.6,3.1,3.7,8.3,1.7,0.2,2.8,2.5,18.9,6.6,15.4,1.8,5.2,4.8,10.1,3.1,3.9,0.6,3.0,3.6,8.0,1.6,0.2,2.7,2.4,18.1,10.0,23.3,2.8,8.0,7.3,15.4,4.6,5.9,0.9,4.5,5.4,12.1,2.4,0.3,4.0,3.6,27.5,113,103,20.6,0.53,0.341,0.254,1.9,9.4,5.8,41.3,2.4,0.4,13.5,25.6,7.9,3.8,11.7,0.185,4.8,0.4,5.2,5.5,96,100,101,103,106,101,77,214,31.9,19.3,0,6,0.061,1997-98
David Robinson,C,5,32,SAS,73,73,7,0.682926829,2457,544,1065,1,4,543,1061,485,660,239,536,775,199,64,192,202,204,1574,33.7,7.5,14.6,0.511,0.0,0.1,0.25,7.4,14.5,0.512,0.511,6.6,9.0,0.735,3.3,7.3,10.6,2.7,0.9,2.6,2.8,2.8,21.6,8.0,15.6,0.0,0.1,8.0,15.5,7.1,9.7,3.5,7.9,11.4,2.9,0.9,2.8,3.0,3.0,23.1,12.0,23.5,0.0,0.1,12.0,23.4,10.7,14.6,5.3,11.8,17.1,4.4,1.4,4.2,4.5,4.5,34.8,114,94,27.8,0.581,0.004,0.62,12.0,23.7,18.2,15.9,1.4,5.5,13.0,29.7,7.8,6.0,13.8,0.269,5.3,2.9,8.3,6.3,113,109,72,107,100,111,188,2,70.8,154.7,0,7,0.031,1997-98
Vin Baker,C,5,26,SEA,82,82,4,0.743902439,2944,631,1164,1,7,630,1157,311,526,286,370,656,152,91,86,174,278,1574,35.9,7.7,14.2,0.542,0.0,0.1,0.143,7.7,14.1,0.545,0.543,3.8,6.4,0.591,3.5,4.5,8.0,1.9,1.1,1.0,2.1,3.4,19.2,7.7,14.2,0.0,0.1,7.7,14.1,3.8,6.4,3.5,4.5,8.0,1.9,1.1,1.1,2.1,3.4,19.2,11.5,21.1,0.0,0.1,11.4,21.0,5.6,9.6,5.2,6.7,11.9,2.8,1.7,1.6,3.2,5.0,28.6,112,104,20.4,0.564,0.006,0.452,11.8,14.8,13.3,9.3,1.7,2.2,11.1,24.7,6.9,3.5,10.4,0.169,1.9,-0.9,1.0,2.2,120,116,41,113,80,108,137,4,150.1,112.8,0,8,0.021,1997-98
Grant Hill,SF,3,25,DET,81,81,19,0.451219512,3294,615,1361,3,21,612,1340,479,647,93,530,623,551,143,53,285,196,1712,40.7,7.6,16.8,0.452,0.0,0.3,0.143,7.6,16.5,0.457,0.453,5.9,8.0,0.74,1.1,6.5,7.7,6.8,1.8,0.7,3.5,2.4,21.1,6.7,14.9,0.0,0.2,6.7,14.6,5.2,7.1,1.0,5.8,6.8,6.0,1.6,0.6,3.1,2.1,18.7,10.2,22.5,0.0,0.3,10.1,22.1,7.9,10.7,1.5,8.8,10.3,9.1,2.4,0.9,4.7,3.2,28.3,106,101,21.2,0.52,0.015,0.475,3.3,19.3,11.3,31.5,2.4,1.2,14.8,27.3,5.2,5.1,10.2,0.149,3.3,1.5,4.7,5.6,100,97,41,95,100,99,144,10,-68.2,-11.3,0,9,0.02,1997-98
Scottie Pippen,SF,3,32,CHI,44,44,1,0.756097561,1652,315,704,61,192,254,512,150,193,53,174,227,254,79,43,109,116,841,37.5,7.2,16.0,0.447,1.4,4.4,0.318,5.8,11.6,0.496,0.491,3.4,4.4,0.777,1.2,4.0,5.2,5.8,1.8,1.0,2.5,2.6,19.1,6.9,15.3,1.3,4.2,5.5,11.2,3.3,4.2,1.2,3.8,4.9,5.5,1.7,0.9,2.4,2.5,18.3,10.3,23.0,2.0,6.3,8.3,16.7,4.9,6.3,1.7,5.7,7.4,8.3,2.6,1.4,3.6,3.8,27.5,112,99,20.4,0.533,0.273,0.274,3.7,12.1,7.9,26.5,2.6,1.9,12.1,24.4,3.7,3.0,6.6,0.193,3.3,1.6,5.0,2.9,99,105,92,103,105,102,83,171,17.9,14.9,0,10,0.012,1997-98
Glen Rice,SF,3,30,CHH,82,82,9,0.62195122,3295,634,1386,130,300,504,1086,428,504,89,264,353,182,77,22,182,200,1826,40.2,7.7,16.9,0.457,1.6,3.7,0.433,6.1,13.2,0.464,0.504,5.2,6.1,0.849,1.1,3.2,4.3,2.2,0.9,0.3,2.2,2.4,22.3,6.9,15.1,1.4,3.3,5.5,11.9,4.7,5.5,1.0,2.9,3.9,2.0,0.8,0.2,2.0,2.2,20.0,10.3,22.6,2.1,4.9,8.2,17.7,7.0,8.2,1.5,4.3,5.8,3.0,1.3,0.4,3.0,3.3,29.8,112,109,17.4,0.568,0.216,0.364,3.3,9.6,6.5,9.9,1.3,0.5,10.2,25.1,7.4,2.0,9.3,0.136,2.4,-1.6,0.9,2.4,102,99,125,105,115,108,110,136,72.8,142.4,0,11,0.006,1997-98
Antoine Walker,PF,4,21,BOS,82,82,20,0.43902439,3268,722,1705,91,292,631,1413,305,473,270,566,836,273,142,60,292,262,1840,39.9,8.8,20.8,0.423,1.1,3.6,0.312,7.7,17.2,0.447,0.45,3.7,5.8,0.645,3.3,6.9,10.2,3.3,1.7,0.7,3.6,3.2,22.4,8.0,18.8,1.0,3.2,7.0,15.6,3.4,5.2,3.0,6.2,9.2,3.0,1.6,0.7,3.2,2.9,20.3,11.4,26.8,1.4,4.6,9.9,22.2,4.8,7.4,4.3,8.9,13.2,4.3,2.2,0.9,4.6,4.1,29.0,98,104,17.8,0.481,0.171,0.277,9.0,22.3,15.1,15.4,2.2,1.4,13.2,29.2,0.8,4.0,4.7,0.07,1.6,-1.0,0.6,2.2,94,95,90,94,88,92,84,107,-95.1,-163.3,0,12,0.005,1997-98
Jason Kidd,PG,1,24,PHO,82,82,6,0.682926829,3118,357,859,73,233,284,626,167,209,108,402,510,745,162,26,261,142,954,38.0,4.4,10.5,0.416,0.9,2.8,0.313,3.5,7.6,0.454,0.458,2.0,2.5,0.799,1.3,4.9,6.2,9.1,2.0,0.3,3.2,1.7,11.6,4.1,9.9,0.8,2.7,3.3,7.2,1.9,2.4,1.2,4.6,5.9,8.6,1.9,0.3,3.0,1.6,11.0,6.0,14.5,1.2,3.9,4.8,10.5,2.8,3.5,1.8,6.8,8.6,12.5,2.7,0.4,4.4,2.4,16.1,105,101,16.4,0.502,0.271,0.243,4.1,14.7,9.5,35.6,2.7,0.6,21.5,17.6,3.2,4.8,8.0,0.123,1.5,1.6,3.1,4.0,92,96,91,96,108,96,74,170,-34.3,-41.8,0,13,0.004,1997-98
John Stockton,PG,1,35,UTA,64,64,2,0.756097561,1858,270,511,39,91,231,420,191,231,35,131,166,543,89,10,161,138,770,29.0,4.2,8.0,0.528,0.6,1.4,0.429,3.6,6.6,0.55,0.567,3.0,3.6,0.827,0.5,2.0,2.6,8.5,1.4,0.2,2.5,2.2,12.0,5.2,9.9,0.8,1.8,4.5,8.1,3.7,4.5,0.7,2.5,3.2,10.5,1.7,0.2,3.1,2.7,14.9,7.8,14.8,1.1,2.6,6.7,12.2,5.5,6.7,1.0,3.8,4.8,15.7,2.6,0.3,4.7,4.0,22.3,122,107,21.8,0.628,0.178,0.452,2.5,8.2,5.6,47.8,2.6,0.4,20.8,19.3,6.4,1.6,8.0,0.206,5.5,0.2,5.6,3.6,117,117,124,119,112,120,137,112,90.4,128.5,0,13,0.004,1997-98
Mitch Richmond,SG,2,32,SAC,70,70,23,0.329268293,2569,543,1220,130,334,413,886,407,471,50,179,229,279,88,15,181,154,1623,36.7,7.8,17.4,0.445,1.9,4.8,0.389,5.9,12.7,0.466,0.498,5.8,6.7,0.864,0.7,2.6,3.3,4.0,1.3,0.2,2.6,2.2,23.2,7.6,17.1,1.8,4.7,5.8,12.4,5.7,6.6,0.7,2.5,3.2,3.9,1.2,0.2,2.5,2.2,22.7,11.0,24.7,2.6,6.8,8.4,18.0,8.3,9.6,1.0,3.6,4.6,5.7,1.8,0.3,3.7,3.1,32.9,112,109,20.4,0.569,0.274,0.386,2.1,7.9,5.0,20.2,1.8,0.4,11.3,27.8,6.6,1.3,7.9,0.148,4.4,-0.8,3.6,3.6,99,99,113,104,117,109,117,172,49.6,128.5,0,15,0.003,1997-98
Reggie Miller,SG,2,32,IND,81,81,5,0.707317073,2795,516,1081,164,382,352,699,382,440,46,186,232,171,78,11,128,148,1578,34.5,6.4,13.3,0.477,2.0,4.7,0.429,4.3,8.6,0.504,0.553,4.7,5.4,0.868,0.6,2.3,2.9,2.1,1.0,0.1,1.6,1.8,19.5,6.6,13.9,2.1,4.9,4.5,9.0,4.9,5.7,0.6,2.4,3.0,2.2,1.0,0.1,1.6,1.9,20.3,10.1,21.1,3.2,7.5,6.9,13.7,7.5,8.6,0.9,3.6,4.5,3.3,1.5,0.2,2.5,2.9,30.8,121,105,19.8,0.619,0.353,0.407,2.1,7.6,5.0,11.1,1.5,0.3,9.1,23.9,9.2,2.8,12.0,0.206,4.8,0.1,4.8,4.8,106,107,124,116,118,118,123,222,162.5,243.3,0,16,0.002,1997-98
Rik Smits,C,5,31,IND,73,69,5,0.707317073,2085,514,1038,0,3,514,1035,188,240,127,378,505,101,40,88,134,243,1216,28.6,7.0,14.2,0.495,0.0,0.0,0.0,7.0,14.2,0.497,0.495,2.6,3.3,0.783,1.7,5.2,6.9,1.4,0.5,1.2,1.8,3.3,16.7,8.9,17.9,0.0,0.1,8.9,17.9,3.2,4.1,2.2,6.5,8.7,1.7,0.7,1.5,2.3,4.2,21.0,13.5,27.2,0.0,0.1,13.5,27.1,4.9,6.3,3.3,9.9,13.2,2.6,1.0,2.3,3.5,6.4,31.9,104,99,19.9,0.532,0.003,0.231,7.7,20.8,14.6,9.9,1.0,3.0,10.5,29.2,2.5,3.6,6.1,0.141,0.6,0.3,0.9,1.6,110,106,0,104,106,102,70,2,35.6,18.5,0,16,0.002,1997-98
Michael Finley,SF,3,24,DAL,82,82,24,0.243902439,3394,675,1505,87,244,588,1261,326,416,150,288,438,405,132,30,219,163,1763,41.4,8.2,18.4,0.449,1.1,3.0,0.357,7.2,15.4,0.466,0.477,4.0,5.1,0.784,1.8,3.5,5.3,4.9,1.6,0.4,2.7,2.0,21.5,7.2,16.0,0.9,2.6,6.2,13.4,3.5,4.4,1.6,3.1,4.6,4.3,1.4,0.3,2.3,1.7,18.7,10.6,23.7,1.4,3.8,9.2,19.8,5.1,6.5,2.4,4.5,6.9,6.4,2.1,0.5,3.4,2.6,27.7,107,109,19.3,0.522,0.162,0.276,4.8,9.6,7.2,22.7,2.1,0.6,11.5,25.7,5.5,2.0,7.5,0.106,3.0,-0.6,2.5,3.8,100,99,103,100,106,100,84,102,-1.9,-4.6,0,18,0.001,1997-98
Rod Strickland,PG,1,31,WAS,76,76,16,0.512195122,3020,490,1130,12,48,478,1082,357,492,112,293,405,801,126,25,266,182,1349,39.7,6.4,14.9,0.434,0.2,0.6,0.25,6.3,14.2,0.442,0.439,4.7,6.5,0.726,1.5,3.9,5.3,10.5,1.7,0.3,3.5,2.4,17.8,5.8,13.5,0.1,0.6,5.7,12.9,4.3,5.9,1.3,3.5,4.8,9.5,1.5,0.3,3.2,2.2,16.1,8.5,19.6,0.2,0.8,8.3,18.7,6.2,8.5,1.9,5.1,7.0,13.9,2.2,0.4,4.6,3.2,23.4,107,105,19.6,0.501,0.042,0.435,4.1,11.4,7.6,43.1,2.2,0.6,16.5,23.7,5.1,3.0,8.1,0.129,2.8,0.1,2.9,3.7,96,94,72,92,98,96,132,27,-88.4,-61.0,0,18,0.001,1997-98
Karl Malone,PF,4,33,UTA,82,82,2,0.780487805,2998,864,1571,0,13,864,1558,521,690,193,616,809,368,113,48,233,217,2249,36.6,10.5,19.2,0.55,0.0,0.2,0.0,10.5,19.0,0.555,0.55,6.4,8.4,0.755,2.4,7.5,9.9,4.5,1.4,0.6,2.8,2.6,27.4,10.4,18.9,0.0,0.2,10.4,18.7,6.3,8.3,2.3,7.4,9.7,4.4,1.4,0.6,2.8,2.6,27.0,15.4,27.9,0.0,0.2,15.4,27.7,9.3,12.3,3.4,11.0,14.4,6.5,2.0,0.9,4.1,3.9,40.0,118,101,28.9,0.6,0.008,0.439,8.5,24.2,16.8,24.5,2.0,1.3,11.1,32.7,11.6,5.1,16.7,0.268,7.1,1.2,8.3,7.8,121,115,0,112,102,112,137,4,179.1,240.9,1,1,0.857,1996-97
Michael Jordan,SG,2,33,CHI,82,82,1,0.841463415,3106,920,1892,111,297,809,1595,480,576,113,369,482,352,140,44,166,156,2431,37.9,11.2,23.1,0.486,1.4,3.6,0.374,9.9,19.5,0.507,0.516,5.9,7.0,0.833,1.4,4.5,5.9,4.3,1.7,0.5,2.0,1.9,29.6,10.7,21.9,1.3,3.4,9.4,18.5,5.6,6.7,1.3,4.3,5.6,4.1,1.6,0.5,1.9,1.8,28.2,15.8,32.5,1.9,5.1,13.9,27.4,8.2,9.9,1.9,6.3,8.3,6.0,2.4,0.8,2.9,2.7,41.8,121,102,27.8,0.567,0.157,0.304,4.2,13.2,8.8,21.2,2.4,1.1,7.2,33.2,13.3,5.0,18.3,0.283,7.8,1.1,8.9,8.6,107,106,104,105,113,106,95,74,85.7,132.8,0,2,0.832,1996-97
Grant Hill,SF,3,24,DET,80,80,10,0.658536585,3147,625,1259,10,33,615,1226,450,633,123,598,721,583,144,48,259,186,1710,39.3,7.8,15.7,0.496,0.1,0.4,0.303,7.7,15.3,0.502,0.5,5.6,7.9,0.711,1.5,7.5,9.0,7.3,1.8,0.6,3.2,2.3,21.4,7.1,14.4,0.1,0.4,7.0,14.0,5.1,7.2,1.4,6.8,8.2,6.7,1.6,0.5,3.0,2.1,19.6,11.3,22.7,0.2,0.6,11.1,22.1,8.1,11.4,2.2,10.8,13.0,10.5,2.6,0.9,4.7,3.4,30.9,114,100,25.5,0.556,0.026,0.503,5.0,23.1,14.2,36.0,2.6,1.3,14.4,28.3,8.7,5.9,14.6,0.223,5.4,2.7,8.2,8.0,109,104,84,102,96,104,157,12,18.7,63.0,0,3,0.327,1996-97
Tim Hardaway,PG,1,30,MIA,81,81,3,0.743902439,3136,575,1384,203,590,372,794,291,364,49,228,277,695,151,9,230,165,1644,38.7,7.1,17.1,0.415,2.5,7.3,0.344,4.6,9.8,0.469,0.489,3.6,4.5,0.799,0.6,2.8,3.4,8.6,1.9,0.1,2.8,2.0,20.3,6.6,15.9,2.3,6.8,4.3,9.1,3.3,4.2,0.6,2.6,3.2,8.0,1.7,0.1,2.6,1.9,18.9,10.0,24.0,3.5,10.2,6.5,13.8,5.0,6.3,0.8,4.0,4.8,12.1,2.6,0.2,4.0,2.9,28.5,113,102,20.8,0.532,0.426,0.263,1.9,8.5,5.2,41.9,2.6,0.2,13.0,26.6,7.9,5.0,12.9,0.198,5.2,1.0,6.2,6.5,91,98,96,99,108,99,82,201,-11.5,-10.1,0,4,0.207,1996-97
Glen Rice,SF,3,29,CHH,79,78,9,0.658536585,3362,722,1513,207,440,515,1073,464,535,67,251,318,160,72,26,177,190,2115,42.6,9.1,19.2,0.477,2.6,5.6,0.47,6.5,13.6,0.48,0.546,5.9,6.8,0.867,0.8,3.2,4.0,2.0,0.9,0.3,2.2,2.4,26.8,7.7,16.2,2.2,4.7,5.5,11.5,5.0,5.7,0.7,2.7,3.4,1.7,0.8,0.3,1.9,2.0,22.6,11.6,24.4,3.3,7.1,8.3,17.3,7.5,8.6,1.1,4.0,5.1,2.6,1.2,0.4,2.9,3.1,34.1,117,112,19.7,0.605,0.291,0.354,2.5,8.8,5.7,8.8,1.2,0.6,9.2,26.9,9.6,1.2,10.8,0.154,3.9,-2.1,1.8,3.2,105,100,131,111,117,113,111,137,159.3,242.1,0,5,0.117,1996-97
Gary Payton,PG,1,28,SEA,82,82,6,0.695121951,3213,706,1482,119,380,587,1102,254,355,106,272,378,583,197,13,215,208,1785,39.2,8.6,18.1,0.476,1.5,4.6,0.313,7.2,13.4,0.533,0.517,3.1,4.3,0.715,1.3,3.3,4.6,7.1,2.4,0.2,2.6,2.5,21.8,7.9,16.6,1.3,4.3,6.6,12.3,2.8,4.0,1.2,3.0,4.2,6.5,2.2,0.1,2.4,2.3,20.0,11.7,24.5,2.0,6.3,9.7,18.2,4.2,5.9,1.8,4.5,6.3,9.6,3.3,0.2,3.6,3.4,29.5,114,103,21.8,0.545,0.256,0.24,4.0,10.2,7.1,33.8,3.3,0.3,11.6,26.4,8.2,4.7,12.9,0.193,4.4,1.1,5.5,6.1,105,111,87,105,97,102,75,121,69.9,30.1,0,6,0.091,1996-97
Hakeem Olajuwon,C,5,34,HOU,78,78,4,0.695121951,2852,727,1426,5,16,722,1410,351,446,173,543,716,236,117,173,281,249,1810,36.6,9.3,18.3,0.51,0.1,0.2,0.313,9.3,18.1,0.512,0.512,4.5,5.7,0.787,2.2,7.0,9.2,3.0,1.5,2.2,3.6,3.2,23.2,9.2,18.0,0.1,0.2,9.1,17.8,4.4,5.6,2.2,6.9,9.0,3.0,1.5,2.2,3.5,3.1,22.8,13.4,26.2,0.1,0.3,13.3,25.9,6.4,8.2,3.2,10.0,13.2,4.3,2.1,3.2,5.2,4.6,33.2,105,99,22.7,0.558,0.011,0.313,7.4,21.0,14.5,16.2,2.1,4.5,14.8,30.4,3.5,5.6,9.1,0.154,1.5,2.0,3.5,3.9,112,107,87,104,107,104,98,5,53.1,72.2,0,7,0.083,1996-97
Patrick Ewing,C,5,34,NYK,78,78,5,0.695121951,2887,655,1342,2,9,653,1333,439,582,175,659,834,156,69,189,269,250,1751,37.0,8.4,17.2,0.488,0.0,0.1,0.222,8.4,17.1,0.49,0.489,5.6,7.5,0.754,2.2,8.4,10.7,2.0,0.9,2.4,3.4,3.2,22.4,8.2,16.7,0.0,0.1,8.1,16.6,5.5,7.3,2.2,8.2,10.4,1.9,0.9,2.4,3.4,3.1,21.8,12.0,24.6,0.0,0.2,12.0,24.5,8.1,10.7,3.2,12.1,15.3,2.9,1.3,3.5,4.9,4.6,32.2,104,96,21.3,0.548,0.007,0.434,7.5,26.4,17.3,10.8,1.3,5.3,14.4,29.8,2.9,6.9,9.8,0.163,0.9,1.9,2.8,3.5,107,102,62,99,102,102,136,3,-11.1,39.1,0,8,0.05,1996-97
Anthony Mason,PF,4,30,CHH,73,73,9,0.658536585,3143,433,825,1,3,432,822,319,428,186,643,829,414,76,33,165,202,1186,43.1,5.9,11.3,0.525,0.0,0.0,0.333,5.9,11.3,0.526,0.525,4.4,5.9,0.745,2.5,8.8,11.4,5.7,1.0,0.5,2.3,2.8,16.2,5.0,9.4,0.0,0.0,4.9,9.4,3.7,4.9,2.1,7.4,9.5,4.7,0.9,0.4,1.9,2.3,13.6,7.5,14.2,0.0,0.1,7.4,14.2,5.5,7.4,3.2,11.1,14.3,7.1,1.3,0.6,2.8,3.5,20.5,121,106,18.9,0.585,0.004,0.519,7.4,24.0,16.0,21.4,1.3,0.8,14.0,17.6,8.0,3.3,11.4,0.173,2.6,0.8,3.5,4.3,115,109,93,107,101,109,162,2,53.6,100.5,0,9,0.006,1996-97
Shaquille O'Neal,C,5,24,LAL,51,51,8,0.682926829,1941,552,991,0,4,552,987,232,479,195,445,640,159,46,147,146,180,1336,38.1,10.8,19.4,0.557,0.0,0.1,0.0,10.8,19.4,0.559,0.557,4.5,9.4,0.484,3.8,8.7,12.5,3.1,0.9,2.9,2.9,3.5,26.2,10.2,18.4,0.0,0.1,10.2,18.3,4.3,8.9,3.6,8.3,11.9,2.9,0.9,2.7,2.7,3.3,24.8,15.0,26.9,0.0,0.1,15.0,26.8,6.3,13.0,5.3,12.1,17.4,4.3,1.2,4.0,4.0,4.9,36.3,110,99,27.1,0.556,0.004,0.483,11.6,25.9,18.8,17.3,1.2,5.8,10.8,31.1,4.1,3.9,8.0,0.197,4.7,1.8,6.5,4.1,122,116,0,113,66,104,151,2,127.0,48.7,0,9,0.006,1996-97
Scottie Pippen,SF,3,31,CHI,82,82,1,0.841463415,3095,648,1366,156,424,492,942,204,291,160,371,531,467,154,45,214,213,1656,37.7,7.9,16.7,0.474,1.9,5.2,0.368,6.0,11.5,0.522,0.531,2.5,3.5,0.701,2.0,4.5,6.5,5.7,1.9,0.5,2.6,2.6,20.2,7.5,15.9,1.8,4.9,5.7,11.0,2.4,3.4,1.9,4.3,6.2,5.4,1.8,0.5,2.5,2.5,19.3,11.2,23.5,2.7,7.3,8.5,16.2,3.5,5.0,2.8,6.4,9.2,8.0,2.7,0.8,3.7,3.7,28.5,115,101,21.3,0.554,0.31,0.213,5.9,13.3,9.7,24.3,2.7,1.1,12.5,24.6,7.8,5.2,13.1,0.203,4.3,1.4,5.7,6.1,104,109,102,108,95,103,67,147,105.2,55.6,0,11,0.005,1996-97
Alonzo Mourning,C,5,26,MIA,66,65,3,0.743902439,2320,473,885,1,9,472,876,363,565,189,467,656,104,56,189,226,272,1310,35.2,7.2,13.4,0.534,0.0,0.1,0.111,7.2,13.3,0.539,0.535,5.5,8.6,0.642,2.9,7.1,9.9,1.6,0.8,2.9,3.4,4.1,19.8,7.3,13.7,0.0,0.1,7.3,13.6,5.6,8.8,2.9,7.2,10.2,1.6,0.9,2.9,3.5,4.2,20.3,11.1,20.7,0.0,0.2,11.1,20.5,8.5,13.2,4.4,10.9,15.4,2.4,1.3,4.4,5.3,6.4,30.7,106,95,21.6,0.578,0.01,0.638,9.8,23.4,16.8,8.8,1.3,6.3,16.6,27.5,2.8,5.6,8.4,0.174,0.5,2.5,2.9,2.9,118,112,31,109,87,108,200,5,74.5,95.7,0,12,0.004,1996-97
Dikembe Mutombo,C,5,30,ATL,80,80,7,0.682926829,2973,380,721,0,0,380,721,306,434,268,661,929,110,49,264,186,249,1066,37.2,4.8,9.0,0.527,0.0,0.0,0.0,4.8,9.0,0.527,0.527,3.8,5.4,0.705,3.4,8.3,11.6,1.4,0.6,3.3,2.3,3.1,13.3,4.6,8.7,0.0,0.0,4.6,8.7,3.7,5.3,3.2,8.0,11.2,1.3,0.6,3.2,2.3,3.0,12.9,7.1,13.4,0.0,0.0,7.1,13.4,5.7,8.1,5.0,12.3,17.3,2.0,0.9,4.9,3.5,4.6,19.8,113,97,19.0,0.584,0.0,0.602,11.0,25.9,18.6,6.4,0.9,7.0,16.9,17.4,4.7,6.6,11.3,0.183,0.3,2.4,2.6,3.5,116,110,0,107,96,109,188,0,49.2,89.1,0,13,0.003,1996-97
Mitch Richmond,SG,2,31,SAC,81,81,19,0.414634146,3125,717,1578,204,477,513,1101,457,531,59,260,319,338,118,24,237,211,2095,38.6,8.9,19.5,0.454,2.5,5.9,0.428,6.3,13.6,0.466,0.519,5.6,6.6,0.861,0.7,3.2,3.9,4.2,1.5,0.3,2.9,2.6,25.9,8.3,18.2,2.4,5.5,5.9,12.7,5.3,6.1,0.7,3.0,3.7,3.9,1.4,0.3,2.7,2.4,24.1,12.1,26.6,3.4,8.0,8.7,18.6,7.7,9.0,1.0,4.4,5.4,5.7,2.0,0.4,4.0,3.6,35.3,115,110,21.6,0.578,0.302,0.337,2.2,9.8,6.0,20.6,2.0,0.6,11.6,29.4,8.7,2.1,10.8,0.166,5.2,-0.6,4.6,5.2,100,97,119,105,117,108,105,143,82.2,154.3,0,13,0.003,1996-97
John Stockton,PG,1,34,UTA,82,82,2,0.780487805,2896,416,759,76,180,340,579,275,325,45,183,228,860,166,15,248,194,1183,35.3,5.1,9.3,0.548,0.9,2.2,0.422,4.1,7.1,0.587,0.598,3.4,4.0,0.846,0.5,2.2,2.8,10.5,2.0,0.2,3.0,2.4,14.4,5.2,9.4,0.9,2.2,4.2,7.2,3.4,4.0,0.6,2.3,2.8,10.7,2.1,0.2,3.1,2.4,14.7,7.7,14.0,1.4,3.3,6.3,10.7,5.1,6.0,0.8,3.4,4.2,15.8,3.1,0.3,4.6,3.6,21.8,125,105,22.1,0.656,0.237,0.428,2.1,7.4,4.9,46.0,3.1,0.4,21.6,18.4,10.0,3.6,13.6,0.226,5.6,1.0,6.6,6.3,121,122,117,121,115,122,134,112,159.7,216.8,0,15,0.003,1996-97
Charles Barkley,PF,4,33,HOU,53,53,4,0.695121951,2009,335,692,58,205,277,487,288,415,212,504,716,248,69,25,151,153,1016,37.9,6.3,13.1,0.484,1.1,3.9,0.283,5.2,9.2,0.569,0.526,5.4,7.8,0.694,4.0,9.5,13.5,4.7,1.3,0.5,2.8,2.9,19.2,6.0,12.4,1.0,3.7,5.0,8.7,5.2,7.4,3.8,9.0,12.8,4.4,1.2,0.4,2.7,2.7,18.2,8.7,18.0,1.5,5.3,7.2,12.7,7.5,10.8,5.5,13.1,18.7,6.5,1.8,0.7,3.9,4.0,26.5,117,100,23.0,0.581,0.296,0.6,12.9,27.7,20.7,20.6,1.8,0.9,14.7,23.2,5.7,3.7,9.4,0.224,4.5,1.2,5.7,3.9,106,118,79,107,94,108,188,140,45.7,79.1,0,16,0.002,1996-97
Tom Gugliotta,PF,4,27,MIN,81,81,15,0.487804878,3131,592,1339,24,93,568,1246,464,566,187,515,702,335,130,89,293,237,1672,38.7,7.3,16.5,0.442,0.3,1.1,0.258,7.0,15.4,0.456,0.451,5.7,7.0,0.82,2.3,6.4,8.7,4.1,1.6,1.1,3.6,2.9,20.6,6.8,15.4,0.3,1.1,6.5,14.3,5.3,6.5,2.2,5.9,8.1,3.9,1.5,1.0,3.4,2.7,19.2,10.0,22.6,0.4,1.6,9.6,21.1,7.8,9.6,3.2,8.7,11.9,5.7,2.2,1.5,5.0,4.0,28.3,103,104,19.0,0.526,0.069,0.423,7.1,19.3,13.3,19.3,2.2,2.1,15.6,27.5,2.6,4.2,6.7,0.103,1.2,0.5,1.7,2.9,97,95,72,92,111,98,132,33,-112.1,-29.1,0,17,0.001,1996-97
Allen Iverson,PG,1,21,PHI,76,74,25,0.268292683,3045,625,1504,155,455,470,1049,382,544,115,197,312,567,157,24,337,233,1787,40.1,8.2,19.8,0.416,2.0,6.0,0.341,6.2,13.8,0.448,0.467,5.0,7.2,0.702,1.5,2.6,4.1,7.5,2.1,0.3,4.4,3.1,23.5,7.4,17.8,1.8,5.4,5.6,12.4,4.5,6.4,1.4,2.3,3.7,6.7,1.9,0.3,4.0,2.8,21.1,10.3,24.9,2.6,7.5,7.8,17.4,6.3,9.0,1.9,3.3,5.2,9.4,2.6,0.4,5.6,3.9,29.6,104,112,18.0,0.513,0.303,0.362,4.0,7.2,5.6,33.6,2.6,0.6,16.2,28.9,3.1,1.0,4.1,0.065,2.5,-1.6,0.9,2.2,91,93,95,95,95,96,113,143,-77.8,-80.5,0,17,0.001,1996-97
Kevin Johnson,PG,1,30,PHO,70,70,16,0.487804878,2658,441,890,89,202,352,688,439,515,54,199,253,653,102,12,217,141,1410,38.0,6.3,12.7,0.496,1.3,2.9,0.441,5.0,9.8,0.512,0.546,6.3,7.4,0.852,0.8,2.8,3.6,9.3,1.5,0.2,3.1,2.0,20.1,6.0,12.1,1.2,2.7,4.8,9.3,5.9,7.0,0.7,2.7,3.4,8.8,1.4,0.2,2.9,1.9,19.1,8.5,17.2,1.7,3.9,6.8,13.3,8.5,10.0,1.0,3.9,4.9,12.7,2.0,0.2,4.2,2.7,27.3,124,111,22.9,0.631,0.227,0.579,2.4,8.7,5.6,39.3,2.0,0.3,16.3,22.6,10.2,1.5,11.7,0.211,5.3,-0.3,5.0,4.7,109,107,122,111,115,118,181,107,93.5,213.9,0,17,0.001,1996-97
Steve Smith,SG,2,27,ATL,72,72,7,0.682926829,2818,491,1145,130,388,361,757,333,393,90,148,238,305,62,23,176,173,1445,39.1,6.8,15.9,0.429,1.8,5.4,0.335,5.0,10.5,0.477,0.486,4.6,5.5,0.847,1.3,2.1,3.3,4.2,0.9,0.3,2.4,2.4,20.1,6.3,14.6,1.7,5.0,4.6,9.7,4.3,5.0,1.1,1.9,3.0,3.9,0.8,0.3,2.2,2.2,18.5,9.6,22.5,2.6,7.6,7.1,14.9,6.5,7.7,1.8,2.9,4.7,6.0,1.2,0.5,3.5,3.4,28.4,114,108,17.4,0.548,0.339,0.343,3.9,6.1,5.0,20.2,1.2,0.6,11.8,25.0,6.5,2.6,9.1,0.154,2.7,-1.0,1.7,2.7,94,99,93,99,115,102,107,160,-16.9,33.2,0,17,0.001,1996-97
Michael Jordan,SG,2,32,CHI,82,82,1,0.87804878,3090,916,1850,111,260,805,1590,548,657,148,395,543,352,180,42,197,195,2491,37.7,11.2,22.6,0.495,1.4,3.2,0.427,9.8,19.4,0.506,0.525,6.7,8.0,0.834,1.8,4.8,6.6,4.3,2.2,0.5,2.4,2.4,30.4,10.7,21.6,1.3,3.0,9.4,18.5,6.4,7.7,1.7,4.6,6.3,4.1,2.1,0.5,2.3,2.3,29.0,15.6,31.5,1.9,4.4,13.7,27.1,9.3,11.2,2.5,6.7,9.3,6.0,3.1,0.7,3.4,3.3,42.5,124,100,29.4,0.582,0.141,0.355,5.6,14.9,10.2,21.2,3.1,1.0,8.4,33.3,14.2,6.2,20.4,0.317,8.3,2.2,10.5,9.8,107,104,116,105,113,107,108,70,97.7,172.3,1,1,0.986,1995-96
David Robinson,C,5,30,SAS,82,82,4,0.719512195,3019,711,1378,3,9,708,1369,626,823,319,681,1000,247,111,271,190,262,2051,36.8,8.7,16.8,0.516,0.0,0.1,0.333,8.6,16.7,0.517,0.517,7.6,10.0,0.761,3.9,8.3,12.2,3.0,1.4,3.3,2.3,3.2,25.0,8.5,16.4,0.0,0.1,8.4,16.3,7.5,9.8,3.8,8.1,11.9,2.9,1.3,3.2,2.3,3.1,24.5,12.1,23.5,0.1,0.2,12.1,23.3,10.7,14.0,5.4,11.6,17.0,4.2,1.9,4.6,3.2,4.5,34.9,120,96,29.4,0.589,0.007,0.597,12.3,24.2,18.4,14.6,1.9,6.4,9.8,28.8,11.1,7.2,18.3,0.29,5.8,3.1,8.9,8.3,112,106,91,104,103,109,181,3,50.5,164.8,0,2,0.508,1995-96
Anfernee Hardaway,PG,1,24,ORL,82,82,3,0.731707317,3015,623,1215,89,283,534,932,445,580,129,225,354,582,166,41,229,160,1780,36.8,7.6,14.8,0.513,1.1,3.5,0.314,6.5,11.4,0.573,0.549,5.4,7.1,0.767,1.6,2.7,4.3,7.1,2.0,0.5,2.8,2.0,21.7,7.4,14.5,1.1,3.4,6.4,11.1,5.3,6.9,1.5,2.7,4.2,6.9,2.0,0.5,2.7,1.9,21.3,10.8,21.1,1.5,4.9,9.3,16.2,7.7,10.1,2.2,3.9,6.1,10.1,2.9,0.7,4.0,2.8,30.9,122,107,24.6,0.605,0.233,0.477,5.1,8.5,6.8,32.2,2.9,1.0,13.5,25.5,11.0,3.4,14.4,0.229,6.2,1.0,7.2,6.9,111,118,86,110,104,112,145,116,123.1,186.4,0,3,0.319,1995-96
Hakeem Olajuwon,C,5,33,HOU,72,72,8,0.585365854,2797,768,1494,3,14,765,1480,397,548,176,608,784,257,113,207,247,242,1936,38.8,10.7,20.8,0.514,0.0,0.2,0.214,10.6,20.6,0.517,0.515,5.5,7.6,0.724,2.4,8.4,10.9,3.6,1.6,2.9,3.4,3.4,26.9,9.9,19.2,0.0,0.2,9.8,19.0,5.1,7.1,2.3,7.8,10.1,3.3,1.5,2.7,3.2,3.1,24.9,14.1,27.5,0.1,0.3,14.1,27.2,7.3,10.1,3.2,11.2,14.4,4.7,2.1,3.8,4.5,4.5,35.6,108,101,25.5,0.558,0.009,0.367,7.3,24.0,15.9,18.3,2.1,5.3,12.5,31.9,4.5,5.2,9.7,0.166,2.8,2.0,4.9,4.9,111,106,58,103,98,103,111,5,48.8,55.2,0,4,0.211,1995-96
Scottie Pippen,SF,3,30,CHI,77,77,1,0.87804878,2825,563,1216,150,401,413,815,220,324,152,344,496,452,133,57,207,198,1496,36.7,7.3,15.8,0.463,1.9,5.2,0.374,5.4,10.6,0.507,0.525,2.9,4.2,0.679,2.0,4.5,6.4,5.9,1.7,0.7,2.7,2.6,19.4,7.2,15.5,1.9,5.1,5.3,10.4,2.8,4.1,1.9,4.4,6.3,5.8,1.7,0.7,2.6,2.5,19.1,10.5,22.7,2.8,7.5,7.7,15.2,4.1,6.0,2.8,6.4,9.3,8.4,2.5,1.1,3.9,3.7,27.9,116,101,21.0,0.551,0.33,0.266,6.3,14.2,10.2,25.2,2.5,1.5,13.2,24.4,7.0,5.3,12.3,0.209,4.6,1.7,6.3,5.9,100,104,102,105,92,102,81,165,63.1,23.4,0,5,0.2,1995-96
Gary Payton,PG,1,27,SEA,81,81,2,0.780487805,3162,618,1276,98,299,520,977,229,306,104,235,339,608,231,19,260,221,1563,39.0,7.6,15.8,0.484,1.2,3.7,0.328,6.4,12.1,0.532,0.523,2.8,3.8,0.748,1.3,2.9,4.2,7.5,2.9,0.2,3.2,2.7,19.3,7.0,14.5,1.1,3.4,5.9,11.1,2.6,3.5,1.2,2.7,3.9,6.9,2.6,0.2,3.0,2.5,17.8,10.0,20.6,1.6,4.8,8.4,15.8,3.7,4.9,1.7,3.8,5.5,9.8,3.7,0.3,4.2,3.6,25.3,112,102,19.6,0.554,0.234,0.24,4.1,8.4,6.3,33.3,3.7,0.5,15.6,23.6,5.9,5.6,11.5,0.174,2.8,1.8,4.6,5.2,105,110,89,105,101,102,73,117,61.2,33.9,0,6,0.087,1995-96
Karl Malone,PF,4,32,UTA,82,82,5,0.670731707,3113,789,1520,16,40,773,1480,512,708,175,629,804,345,138,56,199,245,2106,38.0,9.6,18.5,0.519,0.2,0.5,0.4,9.4,18.0,0.522,0.524,6.2,8.6,0.723,2.1,7.7,9.8,4.2,1.7,0.7,2.4,3.0,25.7,9.1,17.6,0.2,0.5,8.9,17.1,5.9,8.2,2.0,7.3,9.3,4.0,1.6,0.6,2.3,2.8,24.4,13.5,26.0,0.3,0.7,13.2,25.4,8.8,12.1,3.0,10.8,13.8,5.9,2.4,1.0,3.4,4.2,36.1,117,102,26.0,0.575,0.026,0.466,7.1,24.2,15.8,20.6,2.4,1.5,9.8,29.8,9.9,5.3,15.1,0.233,5.6,1.4,7.0,7.1,112,108,109,105,98,106,142,13,77.9,120.7,0,7,0.075,1995-96
Shawn Kemp,PF,4,26,SEA,79,76,2,0.780487805,2631,526,937,5,12,521,925,493,664,276,628,904,173,93,127,315,299,1550,33.3,6.7,11.9,0.561,0.1,0.2,0.417,6.6,11.7,0.563,0.564,6.2,8.4,0.742,3.5,7.9,11.4,2.2,1.2,1.6,4.0,3.8,19.6,7.2,12.8,0.1,0.2,7.1,12.7,6.7,9.1,3.8,8.6,12.4,2.4,1.3,1.7,4.3,4.1,21.2,10.2,18.2,0.1,0.2,10.1,18.0,9.6,12.9,5.4,12.2,17.6,3.4,1.8,2.5,6.1,5.8,30.1,111,97,22.6,0.631,0.013,0.709,13.0,26.9,20.3,11.5,1.8,3.8,20.4,26.2,5.2,6.1,11.2,0.205,1.5,1.3,2.8,3.2,122,116,114,113,100,116,215,6,122.4,217.6,0,8,0.065,1995-96
Grant Hill,SF,3,23,DET,80,80,12,0.56097561,3260,564,1221,5,26,559,1195,485,646,127,656,783,548,100,48,263,242,1618,40.8,7.1,15.3,0.462,0.1,0.3,0.192,7.0,14.9,0.468,0.464,6.1,8.1,0.751,1.6,8.2,9.8,6.9,1.3,0.6,3.3,3.0,20.2,6.2,13.5,0.1,0.3,6.2,13.2,5.4,7.1,1.4,7.2,8.6,6.1,1.1,0.5,2.9,2.7,17.9,9.5,20.5,0.1,0.4,9.4,20.1,8.1,10.8,2.1,11.0,13.1,9.2,1.7,0.8,4.4,4.1,27.2,110,102,20.9,0.537,0.021,0.529,4.9,23.4,14.5,31.4,1.7,1.2,14.9,25.9,6.0,5.7,11.7,0.172,3.1,1.7,4.8,5.6,100,96,52,93,101,99,161,11,-84.9,-13.6,0,9,0.056,1995-96
Shaquille O'Neal,C,5,23,ORL,54,52,3,0.731707317,1946,592,1033,1,2,591,1031,249,511,182,414,596,155,34,115,155,193,1434,36.0,11.0,19.1,0.573,0.0,0.0,0.5,10.9,19.1,0.573,0.574,4.6,9.5,0.487,3.4,7.7,11.0,2.9,0.6,2.1,2.9,3.6,26.6,11.0,19.1,0.0,0.0,10.9,19.1,4.6,9.5,3.4,7.7,11.0,2.9,0.6,2.1,2.9,3.6,26.5,15.9,27.8,0.0,0.1,15.9,27.7,6.7,13.7,4.9,11.1,16.0,4.2,0.9,3.1,4.2,5.2,38.5,110,103,26.4,0.57,0.002,0.495,11.1,24.2,17.8,15.9,0.9,4.4,11.0,32.8,3.9,3.0,6.9,0.171,3.5,0.2,3.7,2.8,124,118,136,115,66,105,150,1,154.6,70.6,0,9,0.056,1995-96
John Stockton,PG,1,33,UTA,82,82,5,0.670731707,2915,440,818,95,225,345,593,234,282,54,172,226,916,140,15,246,207,1209,35.5,5.4,10.0,0.538,1.2,2.7,0.422,4.2,7.2,0.582,0.596,2.9,3.4,0.83,0.7,2.1,2.8,11.2,1.7,0.2,3.0,2.5,14.7,5.4,10.1,1.2,2.8,4.3,7.3,2.9,3.5,0.7,2.1,2.8,11.3,1.7,0.2,3.0,2.6,14.9,8.1,15.0,1.7,4.1,6.3,10.9,4.3,5.2,1.0,3.1,4.1,16.8,2.6,0.3,4.5,3.8,22.1,125,108,21.9,0.642,0.275,0.345,2.3,7.1,4.8,49.1,2.6,0.4,20.7,18.7,10.1,2.9,13.0,0.214,6.0,0.7,6.8,6.4,116,120,115,119,112,118,105,137,159.1,187.8,0,11,0.011,1995-96
Charles Barkley,PF,4,32,PHO,71,71,15,0.5,2632,580,1160,49,175,531,985,440,566,243,578,821,262,114,56,218,208,1649,37.1,8.2,16.3,0.5,0.7,2.5,0.28,7.5,13.9,0.539,0.521,6.2,8.0,0.777,3.4,8.1,11.6,3.7,1.6,0.8,3.1,2.9,23.2,7.9,15.9,0.7,2.4,7.3,13.5,6.0,7.7,3.3,7.9,11.2,3.6,1.6,0.8,3.0,2.8,22.6,11.3,22.7,1.0,3.4,10.4,19.3,8.6,11.1,4.8,11.3,16.1,5.1,2.2,1.1,4.3,4.1,32.3,115,105,24.8,0.585,0.151,0.488,10.9,25.0,18.1,17.4,2.2,1.6,13.4,27.5,7.0,3.5,10.5,0.191,5.0,0.6,5.7,5.1,108,111,76,104,105,108,148,75,51.9,121.7,0,12,0.007,1995-96
Magic Johnson,PF,4,36,LAL,32,9,6,0.646341463,958,137,294,22,58,115,236,172,201,40,143,183,220,26,13,103,48,468,29.9,4.3,9.2,0.466,0.7,1.8,0.379,3.6,7.4,0.487,0.503,5.4,6.3,0.856,1.3,4.5,5.7,6.9,0.8,0.4,3.2,1.5,14.6,5.1,11.0,0.8,2.2,4.3,8.9,6.5,7.6,1.5,5.4,6.9,8.3,1.0,0.5,3.9,1.8,17.6,7.4,15.9,1.2,3.1,6.2,12.8,9.3,10.9,2.2,7.8,9.9,11.9,1.4,0.7,5.6,2.6,25.4,117,107,21.1,0.612,0.197,0.684,5.0,17.0,11.1,34.1,1.4,1.0,21.2,22.7,2.6,1.1,3.6,0.181,4.7,0.5,5.2,1.8,101,100,103,101,116,113,208,99,2.7,53.5,0,12,0.007,1995-96
Alonzo Mourning,C,5,25,MIA,70,70,14,0.512195122,2671,563,1076,9,30,554,1046,488,712,218,509,727,159,70,189,262,245,1623,38.2,8.0,15.4,0.523,0.1,0.4,0.3,7.9,14.9,0.53,0.527,7.0,10.2,0.685,3.1,7.3,10.4,2.3,1.0,2.7,3.7,3.5,23.2,7.6,14.5,0.1,0.4,7.5,14.1,6.6,9.6,2.9,6.9,9.8,2.1,0.9,2.5,3.5,3.3,21.9,11.1,21.2,0.2,0.6,10.9,20.6,9.6,14.0,4.3,10.0,14.3,3.1,1.4,3.7,5.2,4.8,32.0,109,99,22.7,0.584,0.028,0.662,9.7,21.7,15.9,11.4,1.4,5.5,15.9,28.1,4.4,5.5,9.9,0.178,2.2,2.0,4.2,4.2,113,109,82,106,93,108,201,14,61.7,117.1,0,14,0.005,1995-96
Dennis Rodman,PF,4,34,CHI,64,57,1,0.87804878,2088,146,304,3,27,143,277,56,106,356,596,952,160,36,27,138,196,351,32.6,2.3,4.8,0.48,0.0,0.4,0.111,2.2,4.3,0.516,0.485,0.9,1.7,0.528,5.6,9.3,14.9,2.5,0.6,0.4,2.2,3.1,5.5,2.5,5.2,0.1,0.5,2.5,4.8,1.0,1.8,6.1,10.3,16.4,2.8,0.6,0.5,2.4,3.4,6.1,3.7,7.7,0.1,0.7,3.6,7.0,1.4,2.7,9.0,15.0,24.0,4.0,0.9,0.7,3.5,4.9,8.9,109,98,13.6,0.501,0.089,0.349,19.9,33.2,26.6,10.0,0.9,1.0,28.2,10.3,1.7,4.6,6.2,0.143,-0.3,0.3,0.0,1.1,104,106,30,97,71,92,106,44,-8.2,-29.1,0,15,0.004,1995-96
Terrell Brandon,PG,1,25,CLE,75,75,9,0.573170732,2570,510,1096,91,235,419,861,338,381,47,201,248,487,132,33,142,146,1449,34.3,6.8,14.6,0.465,1.2,3.1,0.387,5.6,11.5,0.487,0.507,4.5,5.1,0.887,0.6,2.7,3.3,6.5,1.8,0.4,1.9,1.9,19.3,7.1,15.4,1.3,3.3,5.9,12.1,4.7,5.3,0.7,2.8,3.5,6.8,1.8,0.5,2.0,2.0,20.3,11.6,24.9,2.1,5.3,9.5,19.5,7.7,8.6,1.1,4.6,5.6,11.0,3.0,0.7,3.2,3.3,32.9,121,106,25.2,0.573,0.214,0.348,2.4,10.6,6.4,38.1,3.0,1.1,10.1,27.6,9.5,3.1,12.7,0.237,6.0,1.5,7.5,6.2,101,100,106,102,120,106,106,107,17.8,79.3,0,16,0.003,1995-96
Mitch Richmond,SG,2,30,SAC,81,81,17,0.475609756,2946,611,1368,225,515,386,853,425,491,54,215,269,255,125,19,220,233,1872,36.4,7.5,16.9,0.447,2.8,6.4,0.437,4.8,10.5,0.453,0.529,5.2,6.1,0.866,0.7,2.7,3.3,3.1,1.5,0.2,2.7,2.9,23.1,7.5,16.7,2.7,6.3,4.7,10.4,5.2,6.0,0.7,2.6,3.3,3.1,1.5,0.2,2.7,2.8,22.9,10.7,23.9,3.9,9.0,6.7,14.9,7.4,8.6,0.9,3.8,4.7,4.4,2.2,0.3,3.8,4.1,32.7,115,110,19.2,0.591,0.376,0.359,2.1,8.5,5.3,15.9,2.2,0.5,12.2,26.9,7.2,2.1,9.3,0.151,3.9,-0.4,3.5,4.1,97,93,119,106,117,109,109,188,82.5,155.0,0,16,0.003,1995-96
David Robinson,C,5,29,SAS,81,81,1,0.756097561,3074,788,1487,6,20,782,1467,656,847,234,643,877,236,134,262,233,230,2238,38.0,9.7,18.4,0.53,0.1,0.2,0.3,9.7,18.1,0.533,0.532,8.1,10.5,0.774,2.9,7.9,10.8,2.9,1.7,3.2,2.9,2.8,27.6,9.2,17.4,0.1,0.2,9.2,17.2,7.7,9.9,2.7,7.5,10.3,2.8,1.6,3.1,2.7,2.7,26.2,13.0,24.5,0.1,0.3,12.9,24.2,10.8,14.0,3.9,10.6,14.5,3.9,2.2,4.3,3.8,3.8,36.9,120,99,29.1,0.602,0.013,0.57,9.1,22.6,16.2,13.7,2.2,5.9,11.1,29.9,10.7,6.7,17.5,0.273,6.0,3.2,9.2,8.7,114,109,84,106,105,111,171,7,95.5,218.9,1,1,0.858,1994-95
Shaquille O'Neal,C,5,22,ORL,79,79,4,0.695121951,2923,930,1594,0,5,930,1589,455,854,328,573,901,214,73,192,204,258,2315,37.0,11.8,20.2,0.583,0.0,0.1,0.0,11.8,20.1,0.585,0.583,5.8,10.8,0.533,4.2,7.3,11.4,2.7,0.9,2.4,2.6,3.3,29.3,11.5,19.6,0.0,0.1,11.5,19.6,5.6,10.5,4.0,7.1,11.1,2.6,0.9,2.4,2.5,3.2,28.5,16.1,27.5,0.0,0.1,16.1,27.4,7.9,14.7,5.7,9.9,15.6,3.7,1.3,3.3,3.5,4.5,40.0,118,104,28.6,0.588,0.003,0.536,13.3,21.7,17.6,13.3,1.3,4.5,9.4,31.9,9.6,4.4,14.0,0.23,5.6,0.2,5.8,5.7,125,119,0,117,72,108,161,2,266.5,176.4,0,2,0.576,1994-95
Karl Malone,PF,4,31,UTA,82,82,2,0.731707317,3126,830,1548,11,41,819,1507,516,695,156,715,871,285,129,85,236,269,2187,38.1,10.1,18.9,0.536,0.1,0.5,0.268,10.0,18.4,0.543,0.54,6.3,8.5,0.742,1.9,8.7,10.6,3.5,1.6,1.0,2.9,3.3,26.7,9.6,17.8,0.1,0.5,9.4,17.4,5.9,8.0,1.8,8.2,10.0,3.3,1.5,1.0,2.7,3.1,25.2,13.8,25.7,0.2,0.7,13.6,25.0,8.6,11.5,2.6,11.9,14.4,4.7,2.1,1.4,3.9,4.5,36.3,115,101,25.1,0.59,0.026,0.449,6.6,27.2,17.4,16.4,2.1,2.2,11.3,30.3,8.1,5.8,13.8,0.212,4.3,1.3,5.6,6.0,115,111,75,108,101,109,135,14,123.5,174.3,0,3,0.507,1994-95
Patrick Ewing,C,5,32,NYK,79,79,6,0.670731707,2920,730,1452,6,21,724,1431,420,560,157,710,867,212,68,159,256,272,1886,37.0,9.2,18.4,0.503,0.1,0.3,0.286,9.2,18.1,0.506,0.505,5.3,7.1,0.75,2.0,9.0,11.0,2.7,0.9,2.0,3.2,3.4,23.9,9.0,17.9,0.1,0.3,8.9,17.6,5.2,6.9,1.9,8.8,10.7,2.6,0.8,2.0,3.2,3.4,23.3,13.2,26.2,0.1,0.4,13.1,25.8,7.6,10.1,2.8,12.8,15.6,3.8,1.2,2.9,4.6,4.9,34.0,106,98,21.9,0.555,0.014,0.386,6.6,27.5,17.4,14.4,1.2,4.1,13.1,30.7,3.1,6.5,9.6,0.157,1.8,1.8,3.5,4.1,108,103,80,101,102,102,116,8,14.5,42.0,0,4,0.219,1994-95
Hakeem Olajuwon,C,5,32,HOU,72,72,11,0.573170732,2853,798,1545,3,16,795,1529,406,537,172,603,775,255,133,242,237,250,2005,39.6,11.1,21.5,0.517,0.0,0.2,0.188,11.0,21.2,0.52,0.517,5.6,7.5,0.756,2.4,8.4,10.8,3.5,1.8,3.4,3.3,3.5,27.8,10.1,19.5,0.0,0.2,10.0,19.3,5.1,6.8,2.2,7.6,9.8,3.2,1.7,3.1,3.0,3.2,25.3,14.3,27.6,0.1,0.3,14.2,27.3,7.3,9.6,3.1,10.8,13.8,4.6,2.4,4.3,4.2,4.5,35.8,110,100,26.0,0.563,0.01,0.348,7.3,23.1,15.6,17.2,2.4,5.9,11.7,31.7,5.1,5.6,10.7,0.181,2.8,2.6,5.4,5.3,111,106,52,104,103,104,105,6,54.5,71.1,0,5,0.14,1994-95
Charles Barkley,PF,4,31,PHO,68,66,3,0.719512195,2382,554,1141,74,219,480,922,379,507,203,553,756,276,110,45,150,201,1561,35.0,8.1,16.8,0.486,1.1,3.2,0.338,7.1,13.6,0.521,0.518,5.6,7.5,0.748,3.0,8.1,11.1,4.1,1.6,0.7,2.2,3.0,23.0,8.4,17.2,1.1,3.3,7.3,13.9,5.7,7.7,3.1,8.4,11.4,4.2,1.7,0.7,2.3,3.0,23.6,11.6,24.0,1.6,4.6,10.1,19.4,8.0,10.6,4.3,11.6,15.9,5.8,2.3,0.9,3.2,4.2,32.8,119,105,25.2,0.572,0.192,0.444,9.8,26.8,18.2,18.9,2.3,1.4,9.9,27.5,7.4,3.3,10.6,0.214,5.6,0.7,6.3,5.0,104,106,94,104,101,105,134,102,41.4,80.0,0,6,0.091,1994-95
Scottie Pippen,SF,3,29,CHI,79,79,10,0.573170732,3014,634,1320,109,316,525,1004,315,440,175,464,639,409,232,89,271,238,1692,38.2,8.0,16.7,0.48,1.4,4.0,0.345,6.6,12.7,0.523,0.522,4.0,5.6,0.716,2.2,5.9,8.1,5.2,2.9,1.1,3.4,3.0,21.4,7.6,15.8,1.3,3.8,6.3,12.0,3.8,5.3,2.1,5.5,7.6,4.9,2.8,1.1,3.2,2.8,20.2,11.0,22.8,1.9,5.5,9.1,17.4,5.5,7.6,3.0,8.0,11.1,7.1,4.0,1.5,4.7,4.1,29.3,110,98,22.6,0.559,0.239,0.333,6.9,18.2,12.5,22.8,4.0,2.2,15.2,26.3,5.1,6.7,11.8,0.188,4.4,3.0,7.5,7.2,103,106,96,104,97,103,100,127,57.4,48.7,0,7,0.079,1994-95
John Stockton,PG,1,32,UTA,82,82,2,0.731707317,2867,429,791,102,227,327,564,246,306,57,194,251,1011,194,22,267,215,1206,35.0,5.2,9.6,0.542,1.2,2.8,0.449,4.0,6.9,0.58,0.607,3.0,3.7,0.804,0.7,2.4,3.1,12.3,2.4,0.3,3.3,2.6,14.7,5.4,9.9,1.3,2.9,4.1,7.1,3.1,3.8,0.7,2.4,3.2,12.7,2.4,0.3,3.4,2.7,15.1,7.8,14.3,1.8,4.1,5.9,10.2,4.4,5.5,1.0,3.5,4.5,18.3,3.5,0.4,4.8,3.9,21.8,125,105,23.3,0.651,0.287,0.387,2.6,8.0,5.5,52.6,3.5,0.6,22.4,18.9,9.9,4.0,13.9,0.233,7.0,2.0,9.0,7.9,116,118,125,121,109,120,116,153,169.3,201.0,0,8,0.045,1994-95
Gary Payton,PG,1,26,SEA,82,82,5,0.695121951,3015,685,1345,70,232,615,1113,249,348,108,173,281,583,204,13,201,206,1689,36.8,8.4,16.4,0.509,0.9,2.8,0.302,7.5,13.6,0.553,0.535,3.0,4.2,0.716,1.3,2.1,3.4,7.1,2.5,0.2,2.5,2.5,20.6,8.2,16.1,0.8,2.8,7.3,13.3,3.0,4.2,1.3,2.1,3.4,7.0,2.4,0.2,2.4,2.5,20.2,11.4,22.4,1.2,3.9,10.3,18.6,4.2,5.8,1.8,2.9,4.7,9.7,3.4,0.2,3.4,3.4,28.2,118,107,21.3,0.564,0.172,0.259,4.3,6.7,5.5,31.8,3.4,0.3,11.8,24.4,8.2,3.5,11.7,0.187,4.1,0.8,4.9,5.2,109,113,84,107,97,104,78,92,95.4,62.5,0,9,0.032,1994-95
Anfernee Hardaway,PG,1,23,ORL,77,77,4,0.695121951,2901,585,1142,87,249,498,893,356,463,139,197,336,551,130,26,258,158,1613,37.7,7.6,14.8,0.512,1.1,3.2,0.349,6.5,11.6,0.558,0.55,4.6,6.0,0.769,1.8,2.6,4.4,7.2,1.7,0.3,3.4,2.1,20.9,7.3,14.2,1.1,3.1,6.2,11.1,4.4,5.7,1.7,2.4,4.2,6.8,1.6,0.3,3.2,2.0,20.0,10.2,19.9,1.5,4.3,8.7,15.5,6.2,8.1,2.4,3.4,5.8,9.6,2.3,0.5,4.5,2.7,28.1,119,110,20.8,0.599,0.218,0.405,5.7,7.5,6.6,28.5,2.3,0.6,16.1,23.7,8.2,2.5,10.7,0.177,4.4,-0.3,4.1,4.5,110,114,97,110,104,110,122,116,115.4,152.0,0,10,0.022,1994-95
Michael Jordan,SG,2,31,CHI,17,17,10,0.573170732,668,166,404,16,32,150,372,109,136,25,92,117,90,30,13,35,47,457,39.3,9.8,23.8,0.411,0.9,1.9,0.5,8.8,21.9,0.403,0.431,6.4,8.0,0.801,1.5,5.4,6.9,5.3,1.8,0.8,2.1,2.8,26.9,8.9,21.8,0.9,1.7,8.1,20.0,5.9,7.3,1.3,5.0,6.3,4.9,1.6,0.7,1.9,2.5,24.6,13.0,31.5,1.2,2.5,11.7,29.0,8.5,10.6,2.0,7.2,9.1,7.0,2.3,1.0,2.7,3.7,35.7,109,103,22.1,0.493,0.079,0.337,4.4,16.2,10.3,24.2,2.3,1.5,7.0,33.2,1.2,1.1,2.3,0.167,3.6,0.6,4.2,1.1,88,82,139,86,109,91,101,42,-55.9,-46.6,0,11,0.011,1994-95
Dennis Rodman,PF,4,33,SAS,49,26,1,0.756097561,1568,137,240,0,2,137,238,75,111,274,549,823,97,31,23,98,159,349,32.0,2.8,4.9,0.571,0.0,0.0,0.0,2.8,4.9,0.576,0.571,1.5,2.3,0.676,5.6,11.2,16.8,2.0,0.6,0.5,2.0,3.2,7.1,3.1,5.5,0.0,0.0,3.1,5.5,1.7,2.5,6.3,12.6,18.9,2.2,0.7,0.5,2.3,3.7,8.0,4.4,7.8,0.0,0.1,4.4,7.7,2.4,3.6,8.9,17.8,26.6,3.1,1.0,0.7,3.2,5.1,11.3,120,100,16.6,0.604,0.008,0.463,20.8,37.8,29.7,8.5,1.0,1.0,25.3,10.9,2.6,3.2,5.8,0.178,1.4,0.4,1.8,1.5,122,117,0,114,92,111,139,4,34.1,35.4,0,12,0.009,1994-95
Jason Kidd,PG,1,21,DAL,79,79,17,0.43902439,2668,330,857,70,257,260,600,192,275,152,278,430,607,151,24,250,146,922,33.8,4.2,10.8,0.385,0.9,3.3,0.272,3.3,7.6,0.433,0.426,2.4,3.5,0.698,1.9,3.5,5.4,7.7,1.9,0.3,3.2,1.8,11.7,4.5,11.6,0.9,3.5,3.5,8.1,2.6,3.7,2.1,3.8,5.8,8.2,2.0,0.3,3.4,2.0,12.4,6.3,16.3,1.3,4.9,4.9,11.4,3.6,5.2,2.9,5.3,8.2,11.5,2.9,0.5,4.7,2.8,17.5,103,109,15.1,0.471,0.3,0.321,5.8,11.9,8.7,33.2,2.9,0.6,20.4,19.0,1.1,2.6,3.7,0.066,0.6,0.6,1.2,2.1,83,88,76,85,95,87,97,160,-126.7,-139.8,0,13,0.007,1994-95
Clyde Drexler,SG,2,32,TOT,76,75,15,0.5,2728,571,1238,147,408,424,830,364,442,152,328,480,362,136,45,186,206,1653,35.9,7.5,16.3,0.461,1.9,5.4,0.36,5.6,10.9,0.511,0.521,4.8,5.8,0.824,2.0,4.3,6.3,4.8,1.8,0.6,2.4,2.7,21.8,7.5,16.3,1.9,5.4,5.6,11.0,4.8,5.8,2.0,4.3,6.3,4.8,1.8,0.6,2.5,2.7,21.8,10.7,23.2,2.8,7.6,7.9,15.5,6.8,8.3,2.8,6.1,9.0,6.8,2.5,0.8,3.5,3.9,30.9,119,106,22.4,0.577,0.33,0.357,6.3,13.7,10.0,22.1,2.5,1.2,11.5,25.7,8.0,3.7,11.7,0.206,5.3,1.2,6.5,5.9,99,104,100,104,112,106,107,175,51.4,97.8,0,14,0.003,1994-95
Cedric Ceballos,SF,3,25,LAL,58,54,9,0.585365854,2029,497,977,58,146,439,831,209,292,169,295,464,105,60,19,143,131,1261,35.0,8.6,16.8,0.509,1.0,2.5,0.397,7.6,14.3,0.528,0.538,3.6,5.0,0.716,2.9,5.1,8.0,1.8,1.0,0.3,2.5,2.3,21.7,8.8,17.3,1.0,2.6,7.8,14.7,3.7,5.2,3.0,5.2,8.2,1.9,1.1,0.3,2.5,2.3,22.4,12.4,24.3,1.4,3.6,10.9,20.7,5.2,7.3,4.2,7.3,11.5,2.6,1.5,0.5,3.6,3.3,31.3,111,110,19.9,0.57,0.149,0.299,9.2,16.1,12.6,8.9,1.5,0.6,11.5,26.5,3.5,1.7,5.2,0.123,2.8,-1.9,0.9,1.5,109,108,111,108,97,105,90,80,75.3,60.8,0,15,0.001,1994-95
Hakeem Olajuwon,C,5,31,HOU,80,80,2,0.707317073,3277,894,1694,8,19,886,1675,388,542,229,726,955,287,128,297,271,289,2184,41.0,11.2,21.2,0.528,0.1,0.2,0.421,11.1,20.9,0.529,0.53,4.9,6.8,0.716,2.9,9.1,11.9,3.6,1.6,3.7,3.4,3.6,27.3,9.8,18.6,0.1,0.2,9.7,18.4,4.3,6.0,2.5,8.0,10.5,3.2,1.4,3.3,3.0,3.2,24.0,13.8,26.1,0.1,0.3,13.7,25.8,6.0,8.4,3.5,11.2,14.7,4.4,2.0,4.6,4.2,4.5,33.7,109,95,25.3,0.565,0.011,0.32,8.2,23.3,16.2,16.4,2.0,5.7,12.3,29.8,6.4,7.9,14.3,0.21,3.5,3.3,6.8,7.3,113,109,126,109,97,107,101,10,152.0,144.1,1,1,0.88,1993-94
David Robinson,C,5,28,SAS,80,80,7,0.670731707,3241,840,1658,10,29,830,1629,693,925,241,614,855,381,139,265,253,228,2383,40.5,10.5,20.7,0.507,0.1,0.4,0.345,10.4,20.4,0.51,0.51,8.7,11.6,0.749,3.0,7.7,10.7,4.8,1.7,3.3,3.2,2.9,29.8,9.3,18.4,0.1,0.3,9.2,18.1,7.7,10.3,2.7,6.8,9.5,4.2,1.5,2.9,2.8,2.5,26.5,13.8,27.2,0.2,0.5,13.6,26.8,11.4,15.2,4.0,10.1,14.1,6.3,2.3,4.4,4.2,3.7,39.2,119,98,30.7,0.577,0.017,0.558,8.8,20.3,14.8,21.6,2.3,5.4,10.9,32.0,13.3,6.7,20.0,0.296,8.1,3.8,11.9,11.4,109,105,103,105,102,109,177,15,81.0,203.2,0,2,0.723,1993-94
Scottie Pippen,SF,3,28,CHI,72,72,6,0.670731707,2759,627,1278,63,197,564,1081,270,409,173,456,629,403,211,58,232,227,1587,38.3,8.7,17.8,0.491,0.9,2.7,0.32,7.8,15.0,0.522,0.515,3.8,5.7,0.66,2.4,6.3,8.7,5.6,2.9,0.8,3.2,3.2,22.0,8.2,16.7,0.8,2.6,7.4,14.1,3.5,5.3,2.3,5.9,8.2,5.3,2.8,0.8,3.0,3.0,20.7,11.9,24.2,1.2,3.7,10.7,20.5,5.1,7.7,3.3,8.6,11.9,7.6,4.0,1.1,4.4,4.3,30.0,109,97,23.2,0.544,0.154,0.32,7.3,19.4,13.3,24.6,4.0,1.4,13.7,27.1,5.2,6.0,11.2,0.194,4.5,3.2,7.7,6.8,105,108,96,106,90,103,101,132,76.7,48.0,0,3,0.386,1993-94
Shaquille O'Neal,C,5,21,ORL,81,81,10,0.609756098,3224,953,1591,0,2,953,1589,471,850,384,688,1072,195,76,231,222,281,2377,39.8,11.8,19.6,0.599,0.0,0.0,0.0,11.8,19.6,0.6,0.599,5.8,10.5,0.554,4.7,8.5,13.2,2.4,0.9,2.9,2.7,3.5,29.3,10.6,17.8,0.0,0.0,10.6,17.7,5.3,9.5,4.3,7.7,12.0,2.2,0.8,2.6,2.5,3.1,26.5,14.9,24.9,0.0,0.0,14.9,24.9,7.4,13.3,6.0,10.8,16.8,3.1,1.2,3.6,3.5,4.4,37.2,120,102,28.5,0.605,0.001,0.534,13.5,23.7,18.7,11.0,1.2,4.5,10.2,29.0,12.1,4.8,16.9,0.252,6.2,0.6,6.8,7.2,129,124,0,123,75,115,169,1,362.0,302.8,0,4,0.286,1993-94
Patrick Ewing,C,5,31,NYK,79,79,4,0.695121951,2972,745,1503,4,14,741,1489,445,582,219,666,885,179,90,217,260,275,1939,37.6,9.4,19.0,0.496,0.1,0.2,0.286,9.4,18.8,0.498,0.497,5.6,7.4,0.765,2.8,8.4,11.2,2.3,1.1,2.7,3.3,3.5,24.5,9.0,18.2,0.0,0.2,9.0,18.0,5.4,7.0,2.7,8.1,10.7,2.2,1.1,2.6,3.1,3.3,23.5,13.0,26.1,0.1,0.2,12.9,25.9,7.7,10.1,3.8,11.6,15.4,3.1,1.6,3.8,4.5,4.8,33.7,108,93,22.9,0.551,0.009,0.387,8.5,24.9,16.9,11.3,1.6,5.1,12.9,29.8,5.1,8.0,13.1,0.211,2.5,2.7,5.2,5.5,106,103,86,102,104,104,123,8,35.4,82.1,0,5,0.252,1993-94
Gary Payton,PG,1,25,SEA,82,82,1,0.768292683,2881,584,1159,15,54,569,1105,166,279,105,164,269,494,188,19,173,227,1349,35.1,7.1,14.1,0.504,0.2,0.7,0.278,6.9,13.5,0.515,0.51,2.0,3.4,0.595,1.3,2.0,3.3,6.0,2.3,0.2,2.1,2.8,16.5,7.3,14.5,0.2,0.7,7.1,13.8,2.1,3.5,1.3,2.0,3.4,6.2,2.3,0.2,2.2,2.8,16.9,10.2,20.3,0.3,0.9,10.0,19.4,2.9,4.9,1.8,2.9,4.7,8.7,3.3,0.3,3.0,4.0,23.6,111,103,17.8,0.526,0.047,0.241,4.3,6.8,5.5,26.7,3.3,0.5,11.9,21.6,5.2,4.1,9.3,0.155,1.9,1.3,3.1,3.7,108,107,83,105,81,100,76,40,58.2,-4.0,0,6,0.02,1993-94
Shawn Kemp,PF,4,24,SEA,79,73,1,0.768292683,2597,533,990,1,4,532,986,364,491,312,539,851,207,142,166,259,312,1431,32.9,6.7,12.5,0.538,0.0,0.1,0.25,6.7,12.5,0.54,0.539,4.6,6.2,0.741,3.9,6.8,10.8,2.6,1.8,2.1,3.3,3.9,18.1,7.4,13.7,0.0,0.1,7.4,13.7,5.0,6.8,4.3,7.5,11.8,2.9,2.0,2.3,3.6,4.3,19.8,10.4,19.2,0.0,0.1,10.3,19.2,7.1,9.5,6.1,10.5,16.5,4.0,2.8,3.2,5.0,6.1,27.8,112,96,22.9,0.593,0.004,0.496,14.2,24.7,19.4,12.4,2.8,4.6,17.7,24.2,5.6,6.0,11.7,0.216,2.4,2.0,4.4,4.2,116,112,75,111,101,112,157,3,106.2,157.9,0,7,0.017,1993-94
Karl Malone,PF,4,30,UTA,82,82,8,0.646341463,3329,772,1552,8,32,764,1520,511,736,235,705,940,328,125,126,234,268,2063,40.6,9.4,18.9,0.497,0.1,0.4,0.25,9.3,18.5,0.503,0.5,6.2,9.0,0.694,2.9,8.6,11.5,4.0,1.5,1.5,2.9,3.3,25.2,8.3,16.8,0.1,0.3,8.3,16.4,5.5,8.0,2.5,7.6,10.2,3.5,1.4,1.4,2.5,2.9,22.3,12.0,24.0,0.1,0.5,11.8,23.5,7.9,11.4,3.6,10.9,14.6,5.1,1.9,2.0,3.6,4.1,31.9,111,100,22.9,0.55,0.021,0.474,8.3,24.1,16.3,17.1,1.9,2.6,11.1,28.0,7.4,6.1,13.4,0.193,4.1,1.5,5.6,6.4,107,104,75,103,95,104,150,18,45.8,82.9,0,7,0.017,1993-94
Mark Price,PG,1,29,CLE,76,73,11,0.573170732,2386,480,1005,118,297,362,708,238,268,39,189,228,589,103,11,189,93,1316,31.4,6.3,13.2,0.478,1.6,3.9,0.397,4.8,9.3,0.511,0.536,3.1,3.5,0.888,0.5,2.5,3.0,7.8,1.4,0.1,2.5,1.2,17.3,7.2,15.2,1.8,4.5,5.5,10.7,3.6,4.0,0.6,2.9,3.4,8.9,1.6,0.2,2.9,1.4,19.9,10.5,22.1,2.6,6.5,7.9,15.5,5.2,5.9,0.9,4.1,5.0,12.9,2.3,0.2,4.1,2.0,28.9,118,107,22.7,0.586,0.296,0.267,1.9,9.2,5.6,42.0,2.3,0.3,14.4,24.6,7.6,2.4,10.0,0.201,6.3,0.1,6.4,5.0,103,106,119,111,121,111,85,252,102.7,130.7,0,9,0.007,1993-94
Charles Barkley,PF,4,30,PHO,65,65,5,0.682926829,2298,518,1046,48,178,470,868,318,452,198,529,727,296,101,37,206,160,1402,35.4,8.0,16.1,0.495,0.7,2.7,0.27,7.2,13.4,0.541,0.518,4.9,7.0,0.704,3.0,8.1,11.2,4.6,1.6,0.6,3.2,2.5,21.6,8.1,16.4,0.8,2.8,7.4,13.6,5.0,7.1,3.1,8.3,11.4,4.6,1.6,0.6,3.2,2.5,22.0,11.2,22.6,1.0,3.8,10.1,18.7,6.9,9.8,4.3,11.4,15.7,6.4,2.2,0.8,4.4,3.5,30.3,113,103,22.8,0.563,0.17,0.432,9.8,25.6,17.8,20.0,2.2,1.0,14.2,26.5,5.6,3.3,8.8,0.185,4.5,0.7,5.2,4.2,106,112,81,107,96,107,137,145,68.9,87.9,0,10,0.005,1993-94
Mookie Blaylock,PG,1,26,ATL,81,81,3,0.695121951,2915,444,1079,114,341,330,738,116,159,117,307,424,789,212,44,196,144,1118,36.0,5.5,13.3,0.411,1.4,4.2,0.334,4.1,9.1,0.447,0.464,1.4,2.0,0.73,1.4,3.8,5.2,9.7,2.6,0.5,2.4,1.8,13.8,5.5,13.3,1.4,4.2,4.1,9.1,1.4,2.0,1.4,3.8,5.2,9.7,2.6,0.5,2.4,1.8,13.8,7.8,18.9,2.0,6.0,5.8,12.9,2.0,2.8,2.0,5.4,7.4,13.8,3.7,0.8,3.4,2.5,19.5,111,100,19.6,0.487,0.316,0.147,4.4,11.6,8.0,40.4,3.7,1.0,14.6,19.8,4.9,5.3,10.2,0.168,3.4,2.3,5.7,5.7,88,93,100,96,99,92,47,270,-45.1,-94.8,0,11,0.001,1993-94
Kevin Johnson,PG,1,27,PHO,67,67,5,0.682926829,2449,477,980,6,27,471,953,380,464,55,112,167,637,125,10,235,127,1340,36.6,7.1,14.6,0.487,0.1,0.4,0.222,7.0,14.2,0.494,0.49,5.7,6.9,0.819,0.8,1.7,2.5,9.5,1.9,0.1,3.5,1.9,20.0,7.0,14.4,0.1,0.4,6.9,14.0,5.6,6.8,0.8,1.6,2.5,9.4,1.8,0.1,3.5,1.9,19.7,9.7,19.9,0.1,0.5,9.5,19.3,7.7,9.4,1.1,2.3,3.4,12.9,2.5,0.2,4.8,2.6,27.1,116,109,20.6,0.566,0.028,0.473,2.6,5.1,3.8,38.5,2.5,0.3,16.6,24.3,7.0,1.7,8.7,0.17,4.1,-0.7,3.4,3.4,105,102,67,101,112,107,150,24,8.9,90.0,0,11,0.001,1993-94
Dennis Rodman,PF,4,32,SAS,79,51,7,0.670731707,2989,156,292,5,24,151,268,53,102,453,914,1367,184,52,32,138,229,370,37.8,2.0,3.7,0.534,0.1,0.3,0.208,1.9,3.4,0.563,0.543,0.7,1.3,0.52,5.7,11.6,17.3,2.3,0.7,0.4,1.7,2.9,4.7,1.9,3.5,0.1,0.3,1.8,3.2,0.6,1.2,5.5,11.0,16.5,2.2,0.6,0.4,1.7,2.8,4.5,2.8,5.2,0.1,0.4,2.7,4.8,0.9,1.8,8.1,16.3,24.4,3.3,0.9,0.6,2.5,4.1,6.6,116,100,13.4,0.549,0.082,0.349,17.9,32.8,25.7,8.2,0.9,0.7,29.1,7.1,3.3,5.4,8.7,0.14,0.7,0.3,1.0,2.3,115,117,63,112,71,104,111,70,33.6,14.4,0,11,0.001,1993-94
Latrell Sprewell,SG,2,23,GSW,82,82,9,0.609756098,3533,613,1417,141,391,472,1026,353,456,80,321,401,385,180,76,226,158,1720,43.1,7.5,17.3,0.433,1.7,4.8,0.361,5.8,12.5,0.46,0.482,4.3,5.6,0.774,1.0,3.9,4.9,4.7,2.2,0.9,2.8,1.9,21.0,6.2,14.4,1.4,4.0,4.8,10.5,3.6,4.6,0.8,3.3,4.1,3.9,1.8,0.8,2.3,1.6,17.5,8.4,19.4,1.9,5.4,6.5,14.1,4.8,6.3,1.1,4.4,5.5,5.3,2.5,1.0,3.1,2.2,23.6,108,107,15.9,0.532,0.276,0.322,2.5,9.7,6.1,15.3,2.5,1.3,12.3,21.5,4.7,3.2,8.0,0.108,1.6,0.3,1.9,3.5,93,95,108,99,105,101,102,235,-8.1,12.4,0,11,0.001,1993-94
John Stockton,PG,1,31,UTA,82,82,8,0.646341463,2969,458,868,48,149,410,719,272,338,72,186,258,1031,199,22,266,236,1236,36.2,5.6,10.6,0.528,0.6,1.8,0.322,5.0,8.8,0.57,0.555,3.3,4.1,0.805,0.9,2.3,3.1,12.6,2.4,0.3,3.2,2.9,15.1,5.6,10.5,0.6,1.8,5.0,8.7,3.3,4.1,0.9,2.3,3.1,12.5,2.4,0.3,3.2,2.9,15.0,8.0,15.1,0.8,2.6,7.1,12.5,4.7,5.9,1.2,3.2,4.5,17.9,3.5,0.4,4.6,4.1,21.5,121,104,22.5,0.608,0.172,0.389,2.8,7.1,5.0,53.1,3.5,0.5,20.7,19.1,9.3,4.0,13.2,0.214,5.8,2.2,8.0,7.5,113,118,97,114,110,115,123,146,121.6,162.8,0,11,0.001,1993-94
Dominique Wilkins,SF,3,34,TOT,74,74,15,0.5,2635,698,1588,85,295,613,1293,442,522,182,299,481,169,92,30,172,126,1923,35.6,9.4,21.5,0.44,1.1,4.0,0.288,8.3,17.5,0.474,0.466,6.0,7.1,0.847,2.5,4.0,6.5,2.3,1.2,0.4,2.3,1.7,26.0,9.5,21.7,1.2,4.0,8.4,17.7,6.0,7.1,2.5,4.1,6.6,2.3,1.3,0.4,2.3,1.7,26.3,13.2,30.1,1.6,5.6,11.6,24.5,8.4,9.9,3.4,5.7,9.1,3.2,1.7,0.6,3.3,2.4,36.4,110,106,21.4,0.529,0.186,0.329,7.5,12.3,9.9,11.3,1.7,0.7,8.6,32.0,5.6,2.8,8.4,0.153,4.2,-1.6,2.6,3.0,94,98,86,96,115,100,104,159,-60.1,4.3,0,11,0.001,1993-94
Kevin Willis,PF,4,31,ATL,80,80,3,0.695121951,2867,627,1257,9,24,618,1233,268,376,335,628,963,150,79,38,188,250,1531,35.8,7.8,15.7,0.499,0.1,0.3,0.375,7.7,15.4,0.501,0.502,3.4,4.7,0.713,4.2,7.9,12.0,1.9,1.0,0.5,2.4,3.1,19.1,7.9,15.8,0.1,0.3,7.8,15.5,3.4,4.7,4.2,7.9,12.1,1.9,1.0,0.5,2.4,3.1,19.2,11.1,22.3,0.2,0.4,11.0,21.9,4.8,6.7,6.0,11.2,17.1,2.7,1.4,0.7,3.3,4.4,27.2,110,100,19.4,0.538,0.019,0.299,12.8,24.2,18.5,8.7,1.4,0.9,11.7,24.1,5.1,5.1,10.2,0.17,1.3,-0.9,0.4,1.7,107,104,113,104,97,102,95,16,43.1,29.5,0,11,0.001,1993-94
Charles Barkley,PF,4,29,PHO,76,76,1,0.756097561,2859,716,1376,67,220,649,1156,445,582,237,691,928,385,119,74,233,196,1944,37.6,9.4,18.1,0.52,0.9,2.9,0.305,8.5,15.2,0.561,0.545,5.9,7.7,0.765,3.1,9.1,12.2,5.1,1.6,1.0,3.1,2.6,25.6,9.0,17.3,0.8,2.8,8.2,14.6,5.6,7.3,3.0,8.7,11.7,4.8,1.5,0.9,2.9,2.5,24.5,12.0,23.1,1.1,3.7,10.9,19.4,7.5,9.8,4.0,11.6,15.6,6.5,2.0,1.2,3.9,3.3,32.7,120,103,25.9,0.596,0.16,0.423,9.5,26.3,18.1,21.2,2.0,1.6,12.5,26.9,9.6,4.8,14.4,0.242,6.3,1.4,7.8,7.1,110,115,91,111,101,111,131,153,148.4,193.4,1,1,0.852,1992-93
Hakeem Olajuwon,C,5,30,HOU,82,82,4,0.670731707,3242,848,1603,0,8,848,1595,444,570,283,785,1068,291,150,342,262,305,2140,39.5,10.3,19.5,0.529,0.0,0.1,0.0,10.3,19.5,0.532,0.529,5.4,7.0,0.779,3.5,9.6,13.0,3.5,1.8,4.2,3.2,3.7,26.1,9.4,17.8,0.0,0.1,9.4,17.7,4.9,6.3,3.1,8.7,11.9,3.2,1.7,3.8,2.9,3.4,23.8,13.3,25.1,0.0,0.1,13.3,25.0,7.0,8.9,4.4,12.3,16.7,4.6,2.4,5.4,4.1,4.8,33.6,114,96,27.3,0.577,0.005,0.356,10.5,25.9,18.7,15.8,2.4,6.5,12.4,28.8,7.9,8.0,15.8,0.234,3.9,3.6,7.5,7.8,112,109,0,108,103,108,110,5,122.6,151.6,0,2,0.66,1992-93
Michael Jordan,SG,2,29,CHI,78,78,3,0.695121951,3067,992,2003,81,230,911,1773,476,569,135,387,522,428,221,61,207,188,2541,39.3,12.7,25.7,0.495,1.0,2.9,0.352,11.7,22.7,0.514,0.515,6.1,7.3,0.837,1.7,5.0,6.7,5.5,2.8,0.8,2.7,2.4,32.6,11.6,23.5,1.0,2.7,10.7,20.8,5.6,6.7,1.6,4.5,6.1,5.0,2.6,0.7,2.4,2.2,29.8,16.8,33.9,1.4,3.9,15.4,30.0,8.1,9.6,2.3,6.5,8.8,7.2,3.7,1.0,3.5,3.2,43.0,119,102,29.7,0.564,0.115,0.284,4.9,15.1,9.8,25.2,3.7,1.3,8.4,34.7,12.0,5.2,17.2,0.27,8.7,2.6,11.2,10.2,105,105,105,105,111,105,88,110,99.0,124.1,0,3,0.577,1992-93
Patrick Ewing,C,5,30,NYK,81,81,2,0.731707317,3003,779,1550,1,7,778,1543,400,556,191,789,980,151,74,161,265,286,1959,37.1,9.6,19.1,0.503,0.0,0.1,0.143,9.6,19.0,0.504,0.503,4.9,6.9,0.719,2.4,9.7,12.1,1.9,0.9,2.0,3.3,3.5,24.2,9.3,18.6,0.0,0.1,9.3,18.5,4.8,6.7,2.3,9.5,11.7,1.8,0.9,1.9,3.2,3.4,23.5,13.2,26.2,0.0,0.1,13.2,26.1,6.8,9.4,3.2,13.3,16.6,2.6,1.3,2.7,4.5,4.8,33.1,105,94,20.8,0.546,0.005,0.359,7.3,28.4,18.2,9.2,1.3,3.6,12.9,29.7,2.6,8.1,10.6,0.17,1.4,2.0,3.4,4.0,106,103,42,102,95,102,111,4,37.6,34.1,0,4,0.366,1992-93
Dominique Wilkins,SF,3,33,ATL,71,70,12,0.524390244,2647,741,1584,120,316,621,1268,519,627,187,295,482,227,70,27,184,116,2121,37.3,10.4,22.3,0.468,1.7,4.5,0.38,8.7,17.9,0.49,0.506,7.3,8.8,0.828,2.6,4.2,6.8,3.2,1.0,0.4,2.6,1.6,29.9,10.1,21.5,1.6,4.3,8.4,17.2,7.1,8.5,2.5,4.0,6.6,3.1,1.0,0.4,2.5,1.6,28.8,13.8,29.4,2.2,5.9,11.5,23.6,9.6,11.7,3.5,5.5,9.0,4.2,1.3,0.5,3.4,2.2,39.4,119,112,24.3,0.57,0.199,0.396,7.6,12.9,10.1,14.9,1.3,0.6,9.0,31.9,9.1,1.4,10.5,0.191,7.1,-1.7,5.4,4.9,99,100,113,103,110,106,123,191,47.3,126.1,0,5,0.055,1992-93
David Robinson,C,5,27,SAS,82,82,8,0.597560976,3211,676,1348,3,17,673,1331,561,766,229,727,956,301,127,264,241,239,1916,39.2,8.2,16.4,0.501,0.0,0.2,0.176,8.2,16.2,0.506,0.503,6.8,9.3,0.732,2.8,8.9,11.7,3.7,1.5,3.2,2.9,2.9,23.4,7.6,15.1,0.0,0.2,7.5,14.9,6.3,8.6,2.6,8.2,10.7,3.4,1.4,3.0,2.7,2.7,21.5,10.6,21.1,0.0,0.3,10.5,20.9,8.8,12.0,3.6,11.4,15.0,4.7,2.0,4.1,3.8,3.7,30.0,113,100,24.2,0.569,0.013,0.568,8.6,24.8,17.1,15.0,2.0,5.1,12.5,26.4,6.7,6.4,13.2,0.197,3.6,2.7,6.4,6.8,106,103,52,102,97,106,176,12,31.9,108.6,0,6,0.034,1992-93
Shaquille O'Neal,C,5,20,ORL,81,81,16,0.5,3071,733,1304,0,2,733,1302,427,721,342,780,1122,152,60,286,307,321,1893,37.9,9.0,16.1,0.562,0.0,0.0,0.0,9.0,16.1,0.563,0.562,5.3,8.9,0.592,4.2,9.6,13.9,1.9,0.7,3.5,3.8,4.0,23.4,8.6,15.3,0.0,0.0,8.6,15.3,5.0,8.5,4.0,9.1,13.2,1.8,0.7,3.4,3.6,3.8,22.2,11.9,21.2,0.0,0.0,11.9,21.1,6.9,11.7,5.6,12.7,18.2,2.5,1.0,4.6,5.0,5.2,30.7,108,100,22.9,0.584,0.002,0.553,13.4,27.1,20.6,8.5,1.0,5.7,15.9,27.0,4.5,6.0,10.4,0.163,2.0,1.5,3.5,4.3,119,115,0,115,79,109,171,1,186.1,154.1,0,7,0.031,1992-93
Karl Malone,PF,4,29,UTA,82,82,10,0.573170732,3099,797,1443,4,20,793,1423,619,836,227,692,919,308,124,85,240,261,2217,37.8,9.7,17.6,0.552,0.0,0.2,0.2,9.7,17.4,0.557,0.554,7.5,10.2,0.74,2.8,8.4,11.2,3.8,1.5,1.0,2.9,3.2,27.0,9.3,16.8,0.0,0.2,9.2,16.5,7.2,9.7,2.6,8.0,10.7,3.6,1.4,1.0,2.8,3.0,25.8,12.8,23.2,0.1,0.3,12.7,22.8,9.9,13.4,3.6,11.1,14.7,4.9,2.0,1.4,3.9,4.2,35.6,120,103,26.2,0.612,0.014,0.579,8.6,24.6,16.9,16.9,2.0,1.8,11.7,28.4,10.4,5.0,15.4,0.238,6.0,1.4,7.3,7.3,117,114,59,113,98,114,180,13,181.7,274.7,0,8,0.01,1992-93
Mark Price,PG,1,28,CLE,75,74,6,0.658536585,2380,477,986,122,293,355,693,289,305,37,164,201,602,89,11,196,105,1365,31.7,6.4,13.1,0.484,1.6,3.9,0.416,4.7,9.2,0.512,0.546,3.9,4.1,0.948,0.5,2.2,2.7,8.0,1.2,0.1,2.6,1.4,18.2,7.2,14.9,1.8,4.4,5.4,10.5,4.4,4.6,0.6,2.5,3.0,9.1,1.3,0.2,3.0,1.6,20.6,10.1,21.0,2.6,6.2,7.6,14.7,6.1,6.5,0.8,3.5,4.3,12.8,1.9,0.2,4.2,2.2,29.0,120,109,22.1,0.609,0.297,0.309,1.9,7.6,4.8,38.1,1.4,0.3,14.9,24.5,7.4,2.3,9.8,0.197,5.8,-0.6,5.3,4.4,102,105,124,111,126,114,96,285,108.2,163.5,0,8,0.01,1992-93
Brad Daugherty,C,5,27,CLE,71,71,6,0.658536585,2691,520,911,1,2,519,909,391,492,164,562,726,312,53,56,150,174,1432,37.9,7.3,12.8,0.571,0.0,0.0,0.5,7.3,12.8,0.571,0.571,5.5,6.9,0.795,2.3,7.9,10.2,4.4,0.7,0.8,2.1,2.5,20.2,7.0,12.2,0.0,0.0,6.9,12.2,5.2,6.6,2.2,7.5,9.7,4.2,0.7,0.7,2.0,2.3,19.2,9.8,17.1,0.0,0.0,9.8,17.1,7.4,9.3,3.1,10.6,13.7,5.9,1.0,1.1,2.8,3.3,26.9,125,105,22.0,0.635,0.002,0.54,7.3,22.9,15.5,17.3,2.0,1.3,11.7,21.1,8.8,3.9,12.7,0.226,4.0,0.9,4.9,4.7,121,117,149,116,105,118,167,2,146.8,222.7,0,10,0.001,1992-93
Clyde Drexler,SG,2,30,POR,49,49,7,0.62195122,1671,350,816,31,133,319,683,245,292,126,183,309,278,95,37,115,159,976,34.1,7.1,16.7,0.429,0.6,2.7,0.233,6.5,13.9,0.467,0.448,5.0,6.0,0.839,2.6,3.7,6.3,5.7,1.9,0.8,2.3,3.2,19.9,7.5,17.6,0.7,2.9,6.9,14.7,5.3,6.3,2.7,3.9,6.7,6.0,2.0,0.8,2.5,3.4,21.0,10.1,23.7,0.9,3.9,9.3,19.8,7.1,8.5,3.7,5.3,9.0,8.1,2.8,1.1,3.3,4.6,28.3,112,104,20.7,0.517,0.163,0.358,8.0,12.4,10.1,26.2,2.8,1.4,10.9,26.1,3.4,2.5,6.0,0.171,3.8,1.7,5.5,3.2,91,95,69,91,111,96,111,156,-69.9,-37.0,0,10,0.001,1992-93
Joe Dumars,SG,2,29,DET,77,77,17,0.487804878,3094,677,1454,112,299,565,1155,343,397,63,85,148,308,78,7,138,141,1809,40.2,8.8,18.9,0.466,1.5,3.9,0.375,7.3,15.0,0.489,0.504,4.5,5.2,0.864,0.8,1.1,1.9,4.0,1.0,0.1,1.8,1.8,23.5,7.9,16.9,1.3,3.5,6.6,13.4,4.0,4.6,0.7,1.0,1.7,3.6,0.9,0.1,1.6,1.6,21.0,11.3,24.2,1.9,5.0,9.4,19.2,5.7,6.6,1.0,1.4,2.5,5.1,1.3,0.1,2.3,2.3,30.1,118,113,17.6,0.555,0.206,0.273,2.2,3.2,2.6,16.4,1.3,0.1,7.8,24.5,7.8,1.3,9.1,0.141,2.9,-0.7,2.1,3.2,98,100,111,103,115,104,85,197,38.9,62.1,0,10,0.001,1992-93
Shawn Kemp,PF,4,23,SEA,78,68,5,0.670731707,2582,515,1047,0,4,515,1043,358,503,287,546,833,155,119,146,217,327,1388,33.1,6.6,13.4,0.492,0.0,0.1,0.0,6.6,13.4,0.494,0.492,4.6,6.4,0.712,3.7,7.0,10.7,2.0,1.5,1.9,2.8,4.2,17.8,7.2,14.6,0.0,0.1,7.2,14.5,5.0,7.0,4.0,7.6,11.6,2.2,1.7,2.0,3.0,4.6,19.4,10.0,20.3,0.0,0.1,10.0,20.2,6.9,9.7,5.6,10.6,16.1,3.0,2.3,2.8,4.2,6.3,26.9,110,100,20.4,0.547,0.004,0.48,12.8,25.1,18.8,8.8,1.0,3.8,14.6,24.2,4.0,5.1,9.1,0.169,0.9,1.0,1.9,2.6,104,101,0,100,94,102,149,4,2.3,27.6,0,10,0.001,1992-93
John Stockton,PG,1,30,UTA,82,82,10,0.573170732,2863,437,899,72,187,365,712,293,367,64,173,237,987,199,21,266,224,1239,34.9,5.3,11.0,0.486,0.9,2.3,0.385,4.5,8.7,0.513,0.526,3.6,4.5,0.798,0.8,2.1,2.9,12.0,2.4,0.3,3.2,2.7,15.1,5.5,11.3,0.9,2.4,4.6,9.0,3.7,4.6,0.8,2.2,3.0,12.4,2.5,0.3,3.3,2.8,15.6,7.6,15.6,1.3,3.2,6.3,12.4,5.1,6.4,1.1,3.0,4.1,17.1,3.5,0.4,4.6,3.9,21.5,118,107,21.3,0.584,0.208,0.408,2.6,6.7,4.7,49.8,3.5,0.5,20.1,19.9,7.2,3.4,10.6,0.177,5.1,1.5,6.6,6.2,103,105,114,107,106,109,127,200,63.6,101.5,0,10,0.001,1992-93
Michael Jordan,SG,2,28,CHI,80,80,1,0.817073171,3102,943,1818,27,100,916,1718,491,590,91,420,511,489,182,75,200,201,2404,38.8,11.8,22.7,0.519,0.3,1.3,0.27,11.5,21.5,0.533,0.526,6.1,7.4,0.832,1.1,5.3,6.4,6.1,2.3,0.9,2.5,2.5,30.1,10.9,21.1,0.3,1.2,10.6,19.9,5.7,6.8,1.1,4.9,5.9,5.7,2.1,0.9,2.3,2.3,27.9,15.5,29.8,0.4,1.6,15.0,28.2,8.0,9.7,1.5,6.9,8.4,8.0,3.0,1.2,3.3,3.3,39.4,121,102,27.7,0.579,0.055,0.325,3.5,15.3,9.5,25.7,3.0,1.5,8.8,31.7,12.1,5.6,17.7,0.274,7.2,2.5,9.7,9.2,110,110,82,108,110,109,106,63,142.6,196.0,1,1,0.938,1991-92
Clyde Drexler,SG,2,29,POR,76,76,3,0.695121951,2751,694,1476,114,338,580,1138,401,505,166,334,500,512,138,70,240,229,1903,36.2,9.1,19.4,0.47,1.5,4.4,0.337,7.6,15.0,0.51,0.509,5.3,6.6,0.794,2.2,4.4,6.6,6.7,1.8,0.9,3.2,3.0,25.0,9.1,19.3,1.5,4.4,7.6,14.9,5.2,6.6,2.2,4.4,6.5,6.7,1.8,0.9,3.1,3.0,24.9,12.2,26.0,2.0,6.0,10.2,20.1,7.1,8.9,2.9,5.9,8.8,9.0,2.4,1.2,4.2,4.0,33.5,117,103,23.6,0.56,0.229,0.342,6.6,13.2,9.9,29.9,2.4,1.6,12.4,28.7,8.3,4.5,12.8,0.223,6.8,1.9,8.7,7.4,100,105,102,104,105,105,112,262,64.6,98.2,0,2,0.584,1991-92
David Robinson,C,5,26,SAS,68,68,10,0.573170732,2564,592,1074,1,8,591,1066,393,561,261,568,829,181,158,305,182,219,1578,37.7,8.7,15.8,0.551,0.0,0.1,0.125,8.7,15.7,0.554,0.552,5.8,8.3,0.701,3.8,8.4,12.2,2.7,2.3,4.5,2.7,3.2,23.2,8.3,15.1,0.0,0.1,8.3,15.0,5.5,7.9,3.7,8.0,11.6,2.5,2.2,4.3,2.6,3.1,22.2,11.5,20.9,0.0,0.2,11.5,20.7,7.6,10.9,5.1,11.1,16.1,3.5,3.1,5.9,3.5,4.3,30.7,118,94,27.5,0.597,0.007,0.522,11.2,24.0,17.7,11.3,3.1,7.4,12.1,24.7,7.0,6.9,13.9,0.26,4.8,4.6,9.4,7.4,117,114,38,113,92,112,171,9,139.1,174.2,0,3,0.351,1991-92
Karl Malone,PF,4,28,UTA,81,81,5,0.670731707,3054,798,1516,3,17,795,1499,673,865,225,684,909,241,108,51,248,226,2272,37.7,9.9,18.7,0.526,0.0,0.2,0.176,9.8,18.5,0.53,0.527,8.3,10.7,0.778,2.8,8.4,11.2,3.0,1.3,0.6,3.1,2.8,28.0,9.4,17.9,0.0,0.2,9.4,17.7,7.9,10.2,2.7,8.1,10.7,2.8,1.3,0.6,2.9,2.7,26.8,13.1,25.0,0.0,0.3,13.1,24.7,11.1,14.2,3.7,11.3,15.0,4.0,1.8,0.8,4.1,3.7,37.4,118,103,25.4,0.599,0.011,0.571,8.7,24.1,16.8,13.4,1.8,1.0,11.6,30.3,9.9,5.2,15.1,0.237,5.2,0.6,5.7,5.9,111,109,53,108,103,113,187,13,122.7,256.3,0,4,0.273,1991-92
Patrick Ewing,C,5,29,NYK,82,82,8,0.62195122,3150,796,1525,1,6,795,1519,377,511,228,693,921,156,88,245,209,277,1970,38.4,9.7,18.6,0.522,0.0,0.1,0.167,9.7,18.5,0.523,0.522,4.6,6.2,0.738,2.8,8.5,11.2,1.9,1.1,3.0,2.5,3.4,24.0,9.1,17.4,0.0,0.1,9.1,17.4,4.3,5.8,2.6,7.9,10.5,1.8,1.0,2.8,2.4,3.2,22.5,13.0,25.0,0.0,0.1,13.0,24.9,6.2,8.4,3.7,11.4,15.1,2.6,1.4,4.0,3.4,4.5,32.3,112,98,22.8,0.563,0.004,0.335,8.4,24.9,16.8,8.5,1.4,5.0,10.7,27.2,6.1,6.9,13.0,0.198,2.6,2.2,4.9,5.5,110,108,50,107,97,106,110,5,107.9,110.3,0,5,0.104,1991-92
Chris Mullin,SF,3,28,GSW,81,81,4,0.670731707,3346,830,1584,64,175,766,1409,350,420,127,323,450,286,173,62,202,171,2074,41.3,10.2,19.6,0.524,0.8,2.2,0.366,9.5,17.4,0.544,0.544,4.3,5.2,0.833,1.6,4.0,5.6,3.5,2.1,0.8,2.5,2.1,25.6,8.9,17.0,0.7,1.9,8.2,15.2,3.8,4.5,1.4,3.5,4.8,3.1,1.9,0.7,2.2,1.8,22.3,11.5,22.0,0.9,2.4,10.6,19.5,4.9,5.8,1.8,4.5,6.2,4.0,2.4,0.9,2.8,2.4,28.8,118,110,19.9,0.586,0.11,0.265,4.2,10.4,7.4,12.2,2.4,1.1,10.2,23.6,8.1,2.7,10.8,0.155,3.6,0.1,3.7,4.8,111,112,111,112,110,110,87,126,181.5,194.2,0,6,0.084,1991-92
Mark Price,PG,1,27,CLE,72,72,2,0.695121951,2138,438,897,101,261,337,636,270,285,38,135,173,535,94,12,159,113,1247,29.7,6.1,12.5,0.488,1.4,3.6,0.387,4.7,8.8,0.53,0.545,3.8,4.0,0.947,0.5,1.9,2.4,7.4,1.3,0.2,2.2,1.6,17.3,7.4,15.1,1.7,4.4,5.7,10.7,4.5,4.8,0.6,2.3,2.9,9.0,1.6,0.2,2.7,1.9,21.0,10.4,21.2,2.4,6.2,8.0,15.0,6.4,6.7,0.9,3.2,4.1,12.6,2.2,0.3,3.8,2.7,29.5,123,110,22.7,0.61,0.291,0.318,2.1,6.8,4.5,37.9,2.2,0.3,13.5,24.1,7.5,1.6,9.1,0.205,6.1,-0.4,5.8,4.2,103,109,117,112,125,115,104,333,103.5,160.4,0,7,0.069,1991-92
Tim Hardaway,PG,1,25,GSW,81,81,4,0.670731707,3332,734,1592,127,376,607,1216,298,389,81,229,310,807,164,13,267,208,1893,41.1,9.1,19.7,0.461,1.6,4.6,0.338,7.5,15.0,0.499,0.501,3.7,4.8,0.766,1.0,2.8,3.8,10.0,2.0,0.2,3.3,2.6,23.4,7.9,17.2,1.4,4.1,6.6,13.1,3.2,4.2,0.9,2.5,3.3,8.7,1.8,0.1,2.9,2.2,20.5,10.2,22.2,1.8,5.2,8.5,16.9,4.2,5.4,1.1,3.2,4.3,11.2,2.3,0.2,3.7,2.9,26.4,114,112,19.1,0.537,0.236,0.244,2.7,7.4,5.1,33.3,2.3,0.2,13.2,24.4,7.2,2.0,9.2,0.132,3.9,-1.1,2.8,4.1,98,103,102,103,101,101,80,270,44.7,19.2,0,8,0.067,1991-92
Scottie Pippen,SF,3,26,CHI,82,82,1,0.817073171,3164,687,1359,16,80,671,1279,330,434,185,445,630,572,155,93,253,242,1720,38.6,8.4,16.6,0.506,0.2,1.0,0.2,8.2,15.6,0.525,0.511,4.0,5.3,0.76,2.3,5.4,7.7,7.0,1.9,1.1,3.1,3.0,21.0,7.8,15.5,0.2,0.9,7.6,14.6,3.8,4.9,2.1,5.1,7.2,6.5,1.8,1.1,2.9,2.8,19.6,11.0,21.8,0.3,1.3,10.8,20.6,5.3,7.0,3.0,7.2,10.1,9.2,2.5,1.5,4.1,3.9,27.6,114,102,21.5,0.555,0.059,0.319,6.9,15.8,11.5,25.8,2.5,1.8,14.0,24.6,7.1,5.5,12.7,0.192,4.1,2.0,6.1,6.4,107,108,60,105,100,104,105,67,66.6,72.7,0,9,0.033,1991-92
Dennis Rodman,PF,4,30,DET,82,80,9,0.585365854,3301,342,635,32,101,310,534,84,140,523,1007,1530,191,68,70,140,248,800,40.3,4.2,7.7,0.539,0.4,1.2,0.317,3.8,6.5,0.581,0.564,1.0,1.7,0.6,6.4,12.3,18.7,2.3,0.8,0.9,1.7,3.0,9.8,3.7,6.9,0.3,1.1,3.4,5.8,0.9,1.5,5.7,11.0,16.7,2.1,0.7,0.8,1.5,2.7,8.7,5.4,10.1,0.5,1.6,4.9,8.5,1.3,2.2,8.3,16.0,24.3,3.0,1.1,1.1,2.2,3.9,12.7,121,99,17.0,0.574,0.159,0.22,18.1,34.1,26.2,8.2,1.1,1.3,16.7,11.1,5.6,7.0,12.6,0.183,1.9,0.9,2.8,4.0,114,119,96,116,79,108,72,182,97.6,59.7,0,10,0.027,1991-92
Brad Daugherty,C,5,26,CLE,73,73,2,0.695121951,2643,576,1010,0,2,576,1008,414,533,191,569,760,262,65,78,185,190,1566,36.2,7.9,13.8,0.57,0.0,0.0,0.0,7.9,13.8,0.571,0.57,5.7,7.3,0.777,2.6,7.8,10.4,3.6,0.9,1.1,2.5,2.6,21.5,7.8,13.8,0.0,0.0,7.8,13.7,5.6,7.3,2.6,7.8,10.4,3.6,0.9,1.1,2.5,2.6,21.3,11.0,19.3,0.0,0.0,11.0,19.3,7.9,10.2,3.7,10.9,14.5,5.0,1.2,1.5,3.5,3.6,29.9,122,106,23.0,0.629,0.002,0.528,8.4,23.1,16.0,15.3,1.2,1.7,12.9,23.6,8.2,3.5,11.7,0.213,4.2,0.6,4.8,4.5,121,118,0,117,102,118,173,2,168.4,243.4,0,11,0.025,1991-92
Charles Barkley,SF,3,28,PHI,75,75,19,0.426829268,2881,622,1126,32,137,590,989,454,653,271,559,830,308,136,44,235,196,1730,38.4,8.3,15.0,0.552,0.4,1.8,0.234,7.9,13.2,0.597,0.567,6.1,8.7,0.695,3.6,7.5,11.1,4.1,1.8,0.6,3.1,2.6,23.1,7.8,14.1,0.4,1.7,7.4,12.4,5.7,8.2,3.4,7.0,10.4,3.8,1.7,0.5,2.9,2.4,21.6,11.1,20.0,0.6,2.4,10.5,17.6,8.1,11.6,4.8,9.9,14.8,5.5,2.4,0.8,4.2,3.5,30.8,119,106,24.5,0.612,0.122,0.58,10.9,22.0,16.5,18.1,2.4,0.9,14.3,25.1,8.6,3.7,12.3,0.205,5.6,0.8,6.3,6.1,117,123,71,116,92,115,190,139,179.5,228.0,0,12,0.019,1991-92
John Stockton,PG,1,29,UTA,82,82,5,0.670731707,3002,453,939,83,204,370,735,308,366,68,202,270,1126,244,22,286,234,1297,36.6,5.5,11.5,0.482,1.0,2.5,0.407,4.5,9.0,0.503,0.527,3.8,4.5,0.842,0.8,2.5,3.3,13.7,3.0,0.3,3.5,2.9,15.8,5.4,11.3,1.0,2.4,4.4,8.8,3.7,4.4,0.8,2.4,3.2,13.5,2.9,0.3,3.4,2.8,15.6,7.6,15.7,1.4,3.4,6.2,12.3,5.2,6.1,1.1,3.4,4.5,18.9,4.1,0.4,4.8,3.9,21.7,120,104,22.8,0.59,0.217,0.39,2.7,7.3,5.1,53.7,4.1,0.4,20.6,19.9,8.8,4.6,13.4,0.215,6.0,2.7,8.7,8.1,102,104,123,108,111,111,128,249,74.6,127.9,0,12,0.019,1991-92
Larry Bird,SF,3,35,BOS,45,45,7,0.62195122,1662,353,758,52,128,301,630,150,162,46,388,434,306,42,33,125,82,908,36.9,7.8,16.8,0.466,1.2,2.8,0.406,6.7,14.0,0.478,0.5,3.3,3.6,0.926,1.0,8.6,9.6,6.8,0.9,0.7,2.8,1.8,20.2,7.6,16.4,1.1,2.8,6.5,13.6,3.2,3.5,1.0,8.4,9.4,6.6,0.9,0.7,2.7,1.8,19.7,10.6,22.9,1.6,3.9,9.1,19.0,4.5,4.9,1.4,11.7,13.1,9.2,1.3,1.0,3.8,2.5,27.4,112,104,21.0,0.547,0.169,0.214,3.2,24.6,14.4,26.9,1.3,1.2,13.1,24.7,3.0,2.5,5.5,0.159,4.3,1.3,5.5,3.1,99,98,123,103,122,103,70,193,19.8,26.7,0,14,0.003,1991-92
Kevin Johnson,PG,1,25,PHO,78,78,6,0.646341463,2899,539,1125,10,46,529,1079,448,555,61,231,292,836,116,23,272,180,1536,37.2,6.9,14.4,0.479,0.1,0.6,0.217,6.8,13.8,0.49,0.484,5.7,7.1,0.807,0.8,3.0,3.7,10.7,1.5,0.3,3.5,2.3,19.7,6.7,14.0,0.1,0.6,6.6,13.4,5.6,6.9,0.8,2.9,3.6,10.4,1.4,0.3,3.4,2.2,19.1,9.0,18.7,0.2,0.8,8.8,18.0,7.5,9.2,1.0,3.8,4.9,13.9,1.9,0.4,4.5,3.0,25.6,115,108,19.9,0.561,0.041,0.493,2.4,8.4,5.5,40.6,1.9,0.5,16.6,23.6,7.0,2.9,10.0,0.165,3.8,-0.4,3.5,4.0,101,101,66,99,106,106,162,47,-7.6,80.9,0,15,0.002,1991-92
Danny Manning,PF,4,25,LAC,82,82,12,0.548780488,2904,650,1199,0,5,650,1194,279,385,229,335,564,285,135,122,210,293,1579,35.4,7.9,14.6,0.542,0.0,0.1,0.0,7.9,14.6,0.544,0.542,3.4,4.7,0.725,2.8,4.1,6.9,3.5,1.6,1.5,2.6,3.6,19.3,8.1,14.9,0.0,0.1,8.1,14.8,3.5,4.8,2.8,4.2,7.0,3.5,1.7,1.5,2.6,3.6,19.6,11.1,20.5,0.0,0.1,11.1,20.4,4.8,6.6,3.9,5.7,9.7,4.9,2.3,2.1,3.6,5.0,27.0,113,104,19.7,0.577,0.004,0.321,8.7,12.9,10.8,15.8,2.3,2.6,13.3,23.1,5.3,4.5,9.8,0.162,2.6,1.7,4.3,4.6,115,112,0,111,96,109,105,5,132.4,124.7,0,16,0.001,1991-92
Detlef Schrempf,PF,4,29,IND,80,4,15,0.487804878,2605,496,925,23,71,473,854,365,441,202,568,770,312,62,37,191,286,1380,32.6,6.2,11.6,0.536,0.3,0.9,0.324,5.9,10.7,0.554,0.549,4.6,5.5,0.828,2.5,7.1,9.6,3.9,0.8,0.5,2.4,3.6,17.3,6.9,12.8,0.3,1.0,6.5,11.8,5.0,6.1,2.8,7.8,10.6,4.3,0.9,0.5,2.6,4.0,19.1,9.2,17.2,0.4,1.3,8.8,15.9,6.8,8.2,3.8,10.6,14.3,5.8,1.2,0.7,3.6,5.3,25.7,121,108,19.5,0.617,0.077,0.477,9.1,22.9,16.4,17.5,1.2,0.8,14.6,21.1,7.1,2.8,9.8,0.181,3.0,0.1,3.2,3.3,113,114,98,113,109,116,156,88,114.2,190.7,0,16,0.001,1991-92
Michael Jordan,SG,2,27,CHI,82,82,2,0.743902439,3034,990,1837,29,93,961,1744,571,671,118,374,492,453,223,83,202,229,2580,37.0,12.1,22.4,0.539,0.4,1.1,0.312,11.7,21.3,0.551,0.547,7.0,8.2,0.851,1.4,4.6,6.0,5.5,2.7,1.0,2.5,2.8,31.5,11.7,21.8,0.3,1.1,11.4,20.7,6.8,8.0,1.4,4.4,5.8,5.4,2.6,1.0,2.4,2.7,30.6,16.4,30.4,0.5,1.5,15.9,28.9,9.4,11.1,2.0,6.2,8.1,7.5,3.7,1.4,3.3,3.8,42.7,125,102,31.6,0.605,0.051,0.365,4.6,14.3,9.5,25.2,3.7,1.7,8.7,32.9,14.9,5.4,20.3,0.321,8.9,3.2,12.0,10.8,114,113,98,112,111,113,114,62,218.6,301.1,1,1,0.928,1990-91
Magic Johnson,PG,1,31,LAL,79,79,3,0.707317073,2933,466,976,80,250,386,726,519,573,105,446,551,989,102,17,314,150,1531,37.1,5.9,12.4,0.477,1.0,3.2,0.32,4.9,9.2,0.532,0.518,6.6,7.3,0.906,1.3,5.6,7.0,12.5,1.3,0.2,4.0,1.9,19.4,5.7,12.0,1.0,3.1,4.7,8.9,6.4,7.0,1.3,5.5,6.8,12.1,1.3,0.2,3.9,1.8,18.8,8.1,17.0,1.4,4.3,6.7,12.6,9.0,10.0,1.8,7.8,9.6,17.2,1.8,0.3,5.5,2.6,26.6,124,105,25.1,0.623,0.256,0.587,4.3,16.9,10.9,49.3,1.8,0.3,20.4,22.9,11.2,4.2,15.4,0.251,7.0,1.9,9.0,8.1,101,109,100,106,118,117,184,313,60.8,218.4,0,2,0.518,1990-91
David Robinson,C,5,25,SAS,82,81,6,0.670731707,3095,754,1366,1,7,753,1359,592,777,335,728,1063,208,127,320,270,264,2101,37.7,9.2,16.7,0.552,0.0,0.1,0.143,9.2,16.6,0.554,0.552,7.2,9.5,0.762,4.1,8.9,13.0,2.5,1.5,3.9,3.3,3.2,25.6,8.8,15.9,0.0,0.1,8.8,15.8,6.9,9.0,3.9,8.5,12.4,2.4,1.5,3.7,3.1,3.1,24.4,11.9,21.5,0.0,0.1,11.8,21.4,9.3,12.2,5.3,11.5,16.7,3.3,2.0,5.0,4.2,4.2,33.1,119,96,27.4,0.615,0.005,0.569,12.6,24.7,19.0,10.9,2.0,6.2,13.7,26.6,9.4,7.6,17.0,0.264,5.2,3.3,8.5,8.2,116,114,45,113,100,115,178,6,177.7,275.7,0,3,0.496,1990-91
Charles Barkley,SF,3,27,PHI,67,67,12,0.536585366,2498,665,1167,44,155,621,1012,475,658,258,422,680,284,110,33,210,173,1849,37.3,9.9,17.4,0.57,0.7,2.3,0.284,9.3,15.1,0.614,0.589,7.1,9.8,0.722,3.9,6.3,10.1,4.2,1.6,0.5,3.1,2.6,27.6,9.6,16.8,0.6,2.2,8.9,14.6,6.8,9.5,3.7,6.1,9.8,4.1,1.6,0.5,3.0,2.5,26.6,13.4,23.4,0.9,3.1,12.5,20.3,9.5,13.2,5.2,8.5,13.7,5.7,2.2,0.7,4.2,3.5,37.1,123,106,28.9,0.635,0.133,0.564,11.8,18.6,15.3,20.6,2.2,0.8,12.6,29.1,10.3,3.1,13.4,0.258,8.3,1.0,9.3,7.0,120,126,89,121,94,119,176,162,236.6,292.3,0,4,0.231,1990-91
Karl Malone,PF,4,27,UTA,82,82,7,0.658536585,3302,847,1608,4,14,843,1594,684,888,236,731,967,270,89,79,244,268,2382,40.3,10.3,19.6,0.527,0.0,0.2,0.286,10.3,19.4,0.529,0.528,8.3,10.8,0.77,2.9,8.9,11.8,3.3,1.1,1.0,3.0,3.3,29.0,9.2,17.5,0.0,0.2,9.2,17.4,7.5,9.7,2.6,8.0,10.5,2.9,1.0,0.9,2.7,2.9,26.0,12.9,24.5,0.1,0.2,12.9,24.3,10.4,13.6,3.6,11.2,14.8,4.1,1.4,1.2,3.7,4.1,36.4,117,102,24.8,0.596,0.009,0.552,9.0,24.5,17.2,14.7,1.4,1.5,10.9,30.1,9.9,5.6,15.5,0.225,4.8,0.6,5.4,6.2,111,108,89,108,101,112,173,11,130.8,245.8,0,5,0.148,1990-91
Clyde Drexler,SG,2,28,POR,82,82,1,0.768292683,2852,645,1338,61,191,584,1147,416,524,212,334,546,493,144,60,232,226,1767,34.8,7.9,16.3,0.482,0.7,2.3,0.319,7.1,14.0,0.509,0.505,5.1,6.4,0.794,2.6,4.1,6.7,6.0,1.8,0.7,2.8,2.8,21.5,8.1,16.9,0.8,2.4,7.4,14.5,5.3,6.6,2.7,4.2,6.9,6.2,1.8,0.8,2.9,2.9,22.3,10.8,22.4,1.0,3.2,9.8,19.2,7.0,8.8,3.5,5.6,9.1,8.3,2.4,1.0,3.9,3.8,29.6,117,103,22.1,0.563,0.143,0.392,8.3,12.8,10.6,25.7,2.4,1.3,12.9,25.7,8.0,4.5,12.4,0.209,5.2,1.7,6.8,6.4,102,104,100,104,104,105,122,174,47.0,90.6,0,6,0.078,1990-91
Kevin Johnson,PG,1,24,PHO,77,76,5,0.670731707,2772,591,1145,9,44,582,1101,519,616,54,217,271,781,163,11,269,174,1710,36.0,7.7,14.9,0.516,0.1,0.6,0.205,7.6,14.3,0.529,0.52,6.7,8.0,0.843,0.7,2.8,3.5,10.1,2.1,0.1,3.5,2.3,22.2,7.7,14.9,0.1,0.6,7.6,14.3,6.7,8.0,0.7,2.8,3.5,10.1,2.1,0.1,3.5,2.3,22.2,10.1,19.6,0.2,0.8,10.0,18.9,8.9,10.6,0.9,3.7,4.6,13.4,2.8,0.2,4.6,3.0,29.3,121,107,23.7,0.604,0.038,0.538,2.2,8.1,5.3,40.7,2.8,0.2,16.0,24.8,9.5,3.3,12.7,0.22,5.5,1.1,6.6,6.0,109,108,64,107,110,113,168,47,75.1,196.6,0,7,0.033,1990-91
Dominique Wilkins,SF,3,31,ATL,81,81,13,0.524390244,3078,770,1640,85,249,685,1391,476,574,261,471,732,265,123,65,201,156,2101,38.0,9.5,20.2,0.47,1.0,3.1,0.341,8.5,17.2,0.492,0.495,5.9,7.1,0.829,3.2,5.8,9.0,3.3,1.5,0.8,2.5,1.9,25.9,9.0,19.2,1.0,2.9,8.0,16.3,5.6,6.7,3.1,5.5,8.6,3.1,1.4,0.8,2.4,1.8,24.6,12.2,25.9,1.3,3.9,10.8,22.0,7.5,9.1,4.1,7.4,11.6,4.2,1.9,1.0,3.2,2.5,33.2,116,109,23.5,0.555,0.152,0.35,9.0,17.3,13.0,14.4,1.9,1.3,9.6,28.1,8.6,2.8,11.4,0.177,5.4,-0.5,4.9,5.4,99,101,107,102,108,104,109,185,26.6,78.3,0,8,0.03,1990-91
Larry Bird,SF,3,34,BOS,60,60,4,0.682926829,2277,462,1017,77,198,385,819,163,183,53,456,509,431,108,58,187,118,1164,38.0,7.7,17.0,0.454,1.3,3.3,0.389,6.4,13.7,0.47,0.492,2.7,3.1,0.891,0.9,7.6,8.5,7.2,1.8,1.0,3.1,2.0,19.4,7.3,16.1,1.2,3.1,6.1,12.9,2.6,2.9,0.8,7.2,8.0,6.8,1.7,0.9,3.0,1.9,18.4,9.9,21.8,1.6,4.2,8.2,17.5,3.5,3.9,1.1,9.8,10.9,9.2,2.3,1.2,4.0,2.5,24.9,109,103,19.7,0.53,0.195,0.18,2.8,20.4,12.3,25.9,2.3,1.5,14.6,23.7,3.0,3.6,6.6,0.14,2.9,1.7,4.6,3.8,96,96,122,101,116,99,56,238,9.8,-9.0,0,9,0.026,1990-91
Terry Porter,PG,1,27,POR,81,81,1,0.768292683,2665,486,944,130,313,356,631,279,339,52,230,282,649,158,12,189,151,1381,32.9,6.0,11.7,0.515,1.6,3.9,0.415,4.4,7.8,0.564,0.584,3.4,4.2,0.823,0.6,2.8,3.5,8.0,2.0,0.1,2.3,1.9,17.0,6.6,12.8,1.8,4.2,4.8,8.5,3.8,4.6,0.7,3.1,3.8,8.8,2.1,0.2,2.6,2.0,18.7,8.7,16.9,2.3,5.6,6.4,11.3,5.0,6.1,0.9,4.1,5.1,11.6,2.8,0.2,3.4,2.7,24.7,127,104,21.7,0.632,0.332,0.359,2.2,9.4,5.9,34.0,2.8,0.3,14.7,19.6,9.2,3.9,13.0,0.235,5.6,1.8,7.4,6.2,109,116,130,120,108,118,112,405,182.0,212.7,0,9,0.026,1990-91
Patrick Ewing,C,5,28,NYK,81,81,16,0.475609756,3104,845,1645,0,6,845,1639,464,623,194,711,905,244,80,258,291,287,2154,38.3,10.4,20.3,0.514,0.0,0.1,0.0,10.4,20.2,0.516,0.514,5.7,7.7,0.745,2.4,8.8,11.2,3.0,1.0,3.2,3.6,3.5,26.6,9.8,19.1,0.0,0.1,9.8,19.0,5.4,7.2,2.3,8.2,10.5,2.8,0.9,3.0,3.4,3.3,25.0,13.8,26.8,0.0,0.1,13.8,26.7,7.6,10.1,3.2,11.6,14.7,4.0,1.3,4.2,4.7,4.7,35.1,107,101,23.7,0.561,0.004,0.379,7.4,25.7,16.8,14.1,1.3,5.0,13.2,31.1,4.4,5.6,10.0,0.155,2.5,1.7,4.2,4.9,108,106,0,105,97,105,118,4,86.8,102.9,0,11,0.021,1990-91
John Stockton,PG,1,28,UTA,82,82,7,0.658536585,3103,496,978,58,168,438,810,363,434,46,191,237,1164,234,16,298,233,1413,37.8,6.0,11.9,0.507,0.7,2.0,0.345,5.3,9.9,0.541,0.537,4.4,5.3,0.836,0.6,2.3,2.9,14.2,2.9,0.2,3.6,2.8,17.2,5.8,11.3,0.7,1.9,5.1,9.4,4.2,5.0,0.5,2.2,2.7,13.5,2.7,0.2,3.5,2.7,16.4,8.1,15.9,0.9,2.7,7.1,13.2,5.9,7.0,0.7,3.1,3.8,18.9,3.8,0.3,4.8,3.8,22.9,120,104,23.4,0.604,0.172,0.444,1.9,6.8,4.5,57.5,3.8,0.3,20.3,20.9,9.4,4.7,14.0,0.217,5.8,2.5,8.3,8.1,107,111,108,110,109,113,139,210,96.8,163.6,0,12,0.016,1990-91
Isiah Thomas,PG,1,29,DET,48,46,9,0.609756098,1657,289,665,19,65,270,600,179,229,35,125,160,446,75,10,185,118,776,34.5,6.0,13.9,0.435,0.4,1.4,0.292,5.6,12.5,0.45,0.449,3.7,4.8,0.782,0.7,2.6,3.3,9.3,1.6,0.2,3.9,2.5,16.2,6.3,14.4,0.4,1.4,5.9,13.0,3.9,5.0,0.8,2.7,3.5,9.7,1.6,0.2,4.0,2.6,16.9,9.1,21.0,0.6,2.0,8.5,18.9,5.6,7.2,1.1,3.9,5.0,14.1,2.4,0.3,5.8,3.7,24.5,103,105,17.4,0.507,0.098,0.344,2.4,8.7,5.5,42.6,2.4,0.4,19.5,25.2,1.1,2.3,3.4,0.098,2.2,0.5,2.7,2.0,92,92,91,92,102,95,108,119,-51.1,-42.4,0,13,0.011,1990-91
Robert Parish,C,5,37,BOS,81,81,4,0.682926829,2441,485,811,0,1,485,810,237,309,271,585,856,66,66,103,153,197,1207,30.1,6.0,10.0,0.598,0.0,0.0,0.0,6.0,10.0,0.599,0.598,2.9,3.8,0.767,3.3,7.2,10.6,0.8,0.8,1.3,1.9,2.4,14.9,7.2,12.0,0.0,0.0,7.2,11.9,3.5,4.6,4.0,8.6,12.6,1.0,1.0,1.5,2.3,2.9,17.8,9.7,16.2,0.0,0.0,9.7,16.2,4.7,6.2,5.4,11.7,17.1,1.3,1.3,2.1,3.1,3.9,24.1,122,103,20.6,0.637,0.001,0.381,13.4,24.4,19.3,3.7,1.3,2.4,13.9,19.0,6.1,3.9,10.0,0.198,2.4,-0.3,2.2,2.6,126,123,0,123,100,119,119,2,179.6,194.9,0,14,0.01,1990-91
Joe Dumars,SG,2,27,DET,80,80,9,0.609756098,3046,622,1292,14,45,608,1247,371,417,62,125,187,443,89,7,189,135,1629,38.1,7.8,16.2,0.481,0.2,0.6,0.311,7.6,15.6,0.488,0.487,4.6,5.2,0.89,0.8,1.6,2.3,5.5,1.1,0.1,2.4,1.7,20.4,7.4,15.3,0.2,0.5,7.2,14.7,4.4,4.9,0.7,1.5,2.2,5.2,1.1,0.1,2.2,1.6,19.3,10.7,22.2,0.2,0.8,10.4,21.4,6.4,7.1,1.1,2.1,3.2,7.6,1.5,0.1,3.2,2.3,27.9,115,108,18.0,0.552,0.035,0.323,2.3,4.7,3.5,24.2,1.5,0.1,11.4,24.0,6.8,3.1,9.9,0.155,2.6,0.1,2.7,3.6,102,100,97,100,116,103,101,43,-1.2,52.0,0,15,0.008,1990-91
Bernard King,SF,3,34,WSB,64,64,20,0.365853659,2401,713,1511,8,37,705,1474,383,485,114,205,319,292,56,16,255,187,1817,37.5,11.1,23.6,0.472,0.1,0.6,0.216,11.0,23.0,0.478,0.475,6.0,7.6,0.79,1.8,3.2,5.0,4.6,0.9,0.3,4.0,2.9,28.4,10.7,22.7,0.1,0.6,10.6,22.1,5.7,7.3,1.7,3.1,4.8,4.4,0.8,0.2,3.8,2.8,27.2,14.6,31.0,0.2,0.8,14.4,30.2,7.8,9.9,2.3,4.2,6.5,6.0,1.1,0.3,5.2,3.8,37.2,103,111,19.1,0.527,0.024,0.321,5.2,9.4,7.3,21.8,1.1,0.4,12.9,34.4,1.9,1.6,3.5,0.07,2.8,-1.7,1.1,1.8,100,98,68,97,103,99,100,30,-38.6,-26.0,0,16,0.007,1990-91
Kenny Smith,PG,1,25,HOU,78,78,8,0.634146341,2699,522,1003,49,135,473,868,287,340,36,127,163,554,106,11,237,131,1380,34.6,6.7,12.9,0.52,0.6,1.7,0.363,6.1,11.1,0.545,0.545,3.7,4.4,0.844,0.5,1.6,2.1,7.1,1.4,0.1,3.0,1.7,17.7,7.0,13.4,0.7,1.8,6.3,11.6,3.8,4.5,0.5,1.7,2.2,7.4,1.4,0.1,3.2,1.7,18.4,9.4,18.1,0.9,2.4,8.5,15.7,5.2,6.1,0.7,2.3,2.9,10.0,1.9,0.2,4.3,2.4,24.9,117,108,18.3,0.599,0.135,0.339,1.4,5.0,3.2,30.9,1.9,0.2,17.1,21.2,6.2,2.8,9.0,0.161,2.8,0.1,2.9,3.3,110,112,114,112,110,112,106,164,115.5,148.1,0,17,0.005,1990-91
Hakeem Olajuwon,C,5,28,HOU,56,50,8,0.634146341,2062,487,959,0,4,487,955,213,277,219,551,770,131,121,221,174,221,1187,36.8,8.7,17.1,0.508,0.0,0.1,0.0,8.7,17.1,0.51,0.508,3.8,4.9,0.769,3.9,9.8,13.8,2.3,2.2,3.9,3.1,3.9,21.2,8.5,16.7,0.0,0.1,8.5,16.7,3.7,4.8,3.8,9.6,13.4,2.3,2.1,3.9,3.0,3.9,20.7,11.5,22.7,0.0,0.1,11.5,22.6,5.0,6.5,5.2,13.0,18.2,3.1,2.9,5.2,4.1,5.2,28.1,109,93,24.3,0.549,0.004,0.289,11.4,28.3,19.9,10.2,2.9,6.4,13.9,25.0,2.9,5.7,8.6,0.201,2.1,4.0,6.2,4.3,107,104,0,104,101,103,90,5,39.4,31.8,0,18,0.004,1990-91
Tim Hardaway,PG,1,24,GSW,82,82,11,0.536585366,3215,739,1551,97,252,642,1299,306,381,87,245,332,793,214,12,270,228,1881,39.2,9.0,18.9,0.476,1.2,3.1,0.385,7.8,15.8,0.494,0.508,3.7,4.6,0.803,1.1,3.0,4.0,9.7,2.6,0.1,3.3,2.8,22.9,8.3,17.4,1.1,2.8,7.2,14.5,3.4,4.3,1.0,2.7,3.7,8.9,2.4,0.1,3.0,2.6,21.1,10.7,22.4,1.4,3.6,9.3,18.7,4.4,5.5,1.3,3.5,4.8,11.4,3.1,0.2,3.9,3.3,27.1,114,110,20.9,0.547,0.162,0.246,3.0,8.4,5.7,36.8,3.1,0.2,13.6,24.7,7.4,2.5,9.9,0.148,4.5,-0.1,4.4,5.2,100,101,120,104,105,102,77,198,63.4,44.2,0,19,0.001,1990-91
Kevin McHale,PF,4,33,BOS,68,10,4,0.682926829,2067,504,912,15,37,489,875,228,275,145,335,480,126,25,146,140,194,1251,30.4,7.4,13.4,0.553,0.2,0.5,0.405,7.2,12.9,0.559,0.561,3.4,4.0,0.829,2.1,4.9,7.1,1.9,0.4,2.1,2.1,2.9,18.4,8.8,15.9,0.3,0.6,8.5,15.2,4.0,4.8,2.5,5.8,8.4,2.2,0.4,2.5,2.4,3.4,21.8,11.9,21.5,0.4,0.9,11.5,20.6,5.4,6.5,3.4,7.9,11.3,3.0,0.6,3.4,3.3,4.6,29.5,118,106,21.2,0.606,0.041,0.302,8.4,16.5,12.8,8.8,0.6,4.0,11.9,23.9,5.3,2.6,7.9,0.182,2.6,0.5,3.1,2.7,117,115,127,115,108,113,94,50,134.2,146.9,0,19,0.001,1990-91
